Workbook

Sheet Total Notebooks (Final)
B1: Location | C1: Sl.No | D1: NAME OF THE SCHOOL | E1: 1st | F1: 80 pg | J1: 2nd | K1: 80 pg | O1: 3rd | P1: 80 pg | T1: 4th | U1: 80 pg | Y1: 5th | Z1: 160 | AA1: 6th | AB1: 160 pg | AC1: 7th | AD1: 160 pg | AE1: 8th | AF1: 160pg | AG1: 9th | AH1: 160pg | AJ1: 10th | AK1: 160 pg | AP1: No. of students | AQ1: Total Notebooks
E2: Total | F2: 1L | G2: 2L | H2: 4L | I2: SQ | J2: Total | K2: 1L | L2: 2L | M2: 4L | N2: SQ | O2: Total | P2: 1L | Q2: 2L | R2: 4L | S2: SQ | T2: Total | U2: 1L | V2: 2L | W2: 4L | X2: SQ | Y2: Total | Z2: 1L | AA2: Total | AB2: 1L | AC2: Total | AD2: 1L | AE2: Total | AF2: 1L | AG2: Total | AH2: 1L | AI2: LB | AJ2: Total | AK2: 1L | AL2: LB
B3: Belgaum | C3: 1 | D3: KHPS Gudaganahatti RC | E3: 12 | F3: =E3*1 -> 12 | G3: =E3*1 -> 12 | H3: =E3*1 -> 12 | I3: =E3*1 -> 12 | J3: 23 | K3: =J3*1 -> 23 | L3: =J3*1 -> 23 | M3: =J3*1 -> 23 | N3: =J3*1 -> 23 | O3: 29 | P3: =O3*1 -> 29 | Q3: =O3*1 -> 29 | R3: =O3*1 -> 29 | S3: =O3*1 -> 29 | T3: 26 | U3: =T3*1 -> 26 | V3: =U3*1 -> 26 | W3: =V3*1 -> 26 | X3: =W3*1 -> 26 | Y3: 40 | Z3: =Y3*8 -> 320 | AA3: 51 | AB3: =AA3*8 -> 408 | AC3: 50 | AD3: =AC3*8 -> 400 | AE3: 51 | AF3: =AE3*8 -> 408 | AH3: =AG3*8 -> 0 | AI3: =AG3*4 -> 0 | AK3: =AJ3*8 -> 0 | AL3: =AJ3*4 -> 0 | AP3: =E3+AM3+AJ3+AG3+AE3+AC3+AA3+Y3+T3+O3+J3 -> 282 | AQ3: =SUM(F3,G3,H3,I3,K3,L3,M3,N3,P3,Q3,R3,S3,U3,V3,W3,X3,Z3,AB3,AD3,AF3,AH3,AI3,AK3,AL3,AN3,AO3) -> 1896
B4: Belgaum | C4: 2 | D4: KHPGS Yamakanamaradi | E4: 5 | F4: =E4*1 -> 5 | G4: =E4*1 -> 5 | H4: =E4*1 -> 5 | I4: =E4*1 -> 5 | J4: 17 | K4: =J4*1 -> 17 | L4: =J4*1 -> 17 | M4: =J4*1 -> 17 | N4: =J4*1 -> 17 | O4: 15 | P4: =O4*1 -> 15 | Q4: =O4*1 -> 15 | R4: =O4*1 -> 15 | S4: =O4*1 -> 15 | T4: 19 | U4: =T4*1 -> 19 | V4: =U4*1 -> 19 | W4: =V4*1 -> 19 | X4: =W4*1 -> 19 | Y4: 21 | Z4: =Y4*8 -> 168 | AA4: 20 | AB4: =AA4*8 -> 160 | AC4: 33 | AD4: =AC4*8 -> 264 | AF4: =AE4*8 -> 0 | AH4: =AG4*8 -> 0 | AI4: =AG4*4 -> 0 | AK4: =AJ4*8 -> 0 | AL4: =AJ4*4 -> 0 | AP4: =E4+AM4+AJ4+AG4+AE4+AC4+AA4+Y4+T4+O4+J4 -> 130 | AQ4: =SUM(F4,G4,H4,I4,K4,L4,M4,N4,P4,Q4,R4,S4,U4,V4,W4,X4,Z4,AB4,AD4,AF4,AH4,AI4,AK4,AL4,AN4,AO4) -> 816
B5: Belgaum | C5: 3 | D5: KHPBS Yamakanamaradi | E5: 12 | F5: =E5*1 -> 12 | G5: =E5*1 -> 12 | H5: =E5*1 -> 12 | I5: =E5*1 -> 12 | J5: 15 | K5: =J5*1 -> 15 | L5: =J5*1 -> 15 | M5: =J5*1 -> 15 | N5: =J5*1 -> 15 | O5: 18 | P5: =O5*1 -> 18 | Q5: =O5*1 -> 18 | R5: =O5*1 -> 18 | S5: =O5*1 -> 18 | T5: 15 | U5: =T5*1 -> 15 | V5: =U5*1 -> 15 | W5: =V5*1 -> 15 | X5: =W5*1 -> 15 | Y5: 28 | Z5: =Y5*8 -> 224 | AA5: 22 | AB5: =AA5*8 -> 176 | AC5: 24 | AD5: =AC5*8 -> 192 | AF5: =AE5*8 -> 0 | AH5: =AG5*8 -> 0 | AI5: =AG5*4 -> 0 | AK5: =AJ5*8 -> 0 | AL5: =AJ5*4 -> 0 | AP5: =E5+AM5+AJ5+AG5+AE5+AC5+AA5+Y5+T5+O5+J5 -> 134 | AQ5: =SUM(F5,G5,H5,I5,K5,L5,M5,N5,P5,Q5,R5,S5,U5,V5,W5,X5,Z5,AB5,AD5,AF5,AH5,AI5,AK5,AL5,AN5,AO5) -> 832
B6: Belgaum | C6: 4 | D6: UEMPS(English Medium) Yamakanamaradi | E6: 18 | F6: =E6*1 -> 18 | G6: =E6*1 -> 18 | H6: =E6*1 -> 18 | I6: =E6*1 -> 18 | J6: 17 | K6: =J6*1 -> 17 | L6: =J6*1 -> 17 | M6: =J6*1 -> 17 | N6: =J6*1 -> 17 | O6: 29 | P6: =O6*1 -> 29 | Q6: =O6*1 -> 29 | R6: =O6*1 -> 29 | S6: =O6*1 -> 29 | T6: 26 | U6: =T6*1 -> 26 | V6: =U6*1 -> 26 | W6: =V6*1 -> 26 | X6: =W6*1 -> 26 | Y6: 25 | Z6: =Y6*8 -> 200 | AA6: 18 | AB6: =AA6*8 -> 144 | AC6: 28 | AD6: =AC6*8 -> 224 | AF6: =AE6*8 -> 0 | AH6: =AG6*8 -> 0 | AI6: =AG6*4 -> 0 | AK6: =AJ6*8 -> 0 | AL6: =AJ6*4 -> 0 | AP6: =E6+AM6+AJ6+AG6+AE6+AC6+AA6+Y6+T6+O6+J6 -> 161 | AQ6: =SUM(F6,G6,H6,I6,K6,L6,M6,N6,P6,Q6,R6,S6,U6,V6,W6,X6,Z6,AB6,AD6,AF6,AH6,AI6,AK6,AL6,AN6,AO6) -> 928
B7: Belgaum | C7: 5 | D7: UHPS Yamakanamaradi | E7: 22 | F7: =E7*1 -> 22 | G7: =E7*1 -> 22 | H7: =E7*1 -> 22 | I7: =E7*1 -> 22 | K7: =J7*1 -> 0 | L7: =J7*1 -> 0 | M7: =J7*1 -> 0 | N7: =J7*1 -> 0 | P7: =O7*1 -> 0 | Q7: =O7*1 -> 0 | R7: =O7*1 -> 0 | S7: =O7*1 -> 0 | U7: =T7*1 -> 0 | V7: =U7*1 -> 0 | W7: =V7*1 -> 0 | X7: =W7*1 -> 0 | Z7: =Y7*8 -> 0 | AB7: =AA7*8 -> 0 | AD7: =AC7*8 -> 0 | AF7: =AE7*8 -> 0 | AH7: =AG7*8 -> 0 | AI7: =AG7*4 -> 0 | AK7: =AJ7*8 -> 0 | AL7: =AJ7*4 -> 0 | AP7: =E7+AM7+AJ7+AG7+AE7+AC7+AA7+Y7+T7+O7+J7 -> 22 | AQ7: =SUM(F7,G7,H7,I7,K7,L7,M7,N7,P7,Q7,R7,S7,U7,V7,W7,X7,Z7,AB7,AD7,AF7,AH7,AI7,AK7,AL7,AN7,AO7) -> 88
B8: Belgaum | C8: 6 | D8: KHPS Hattaragi | E8: 25 | F8: =E8*1 -> 25 | G8: =E8*1 -> 25 | H8: =E8*1 -> 25 | I8: =E8*1 -> 25 | J8: 25 | K8: =J8*1 -> 25 | L8: =J8*1 -> 25 | M8: =J8*1 -> 25 | N8: =J8*1 -> 25 | O8: 20 | P8: =O8*1 -> 20 | Q8: =O8*1 -> 20 | R8: =O8*1 -> 20 | S8: =O8*1 -> 20 | T8: 20 | U8: =T8*1 -> 20 | V8: =U8*1 -> 20 | W8: =V8*1 -> 20 | X8: =W8*1 -> 20 | Y8: 18 | Z8: =Y8*8 -> 144 | AA8: 18 | AB8: =AA8*8 -> 144 | AC8: 20 | AD8: =AC8*8 -> 160 | AF8: =AE8*8 -> 0 | AH8: =AG8*8 -> 0 | AI8: =AG8*4 -> 0 | AK8: =AJ8*8 -> 0 | AL8: =AJ8*4 -> 0 | AP8: =E8+AM8+AJ8+AG8+AE8+AC8+AA8+Y8+T8+O8+J8 -> 146 | AQ8: =SUM(F8,G8,H8,I8,K8,L8,M8,N8,P8,Q8,R8,S8,U8,V8,W8,X8,Z8,AB8,AD8,AF8,AH8,AI8,AK8,AL8,AN8,AO8) -> 808
B9: Belgaum | C9: 7 | D9: KHPS Anandpur | E9: 12 | F9: =E9*1 -> 12 | G9: =E9*1 -> 12 | H9: =E9*1 -> 12 | I9: =E9*1 -> 12 | J9: 15 | K9: =J9*1 -> 15 | L9: =J9*1 -> 15 | M9: =J9*1 -> 15 | N9: =J9*1 -> 15 | O9: 8 | P9: =O9*1 -> 8 | Q9: =O9*1 -> 8 | R9: =O9*1 -> 8 | S9: =O9*1 -> 8 | T9: 10 | U9: =T9*1 -> 10 | V9: =U9*1 -> 10 | W9: =V9*1 -> 10 | X9: =W9*1 -> 10 | Y9: 17 | Z9: =Y9*8 -> 136 | AA9: 20 | AB9: =AA9*8 -> 160 | AC9: 13 | AD9: =AC9*8 -> 104 | AF9: =AE9*8 -> 0 | AH9: =AG9*8 -> 0 | AI9: =AG9*4 -> 0 | AK9: =AJ9*8 -> 0 | AL9: =AJ9*4 -> 0 | AP9: =E9+AM9+AJ9+AG9+AE9+AC9+AA9+Y9+T9+O9+J9 -> 95 | AQ9: =SUM(F9,G9,H9,I9,K9,L9,M9,N9,P9,Q9,R9,S9,U9,V9,W9,X9,Z9,AB9,AD9,AF9,AH9,AI9,AK9,AL9,AN9,AO9) -> 580
B10: Belgaum | C10: 8 | D10: KHPS Hunnur Masthiholi | E10: 5 | F10: =E10*1 -> 5 | G10: =E10*1 -> 5 | H10: =E10*1 -> 5 | I10: =E10*1 -> 5 | J10: 10 | K10: =J10*1 -> 10 | L10: =J10*1 -> 10 | M10: =J10*1 -> 10 | N10: =J10*1 -> 10 | O10: 12 | P10: =O10*1 -> 12 | Q10: =O10*1 -> 12 | R10: =O10*1 -> 12 | S10: =O10*1 -> 12 | T10: 5 | U10: =T10*1 -> 5 | V10: =U10*1 -> 5 | W10: =V10*1 -> 5 | X10: =W10*1 -> 5 | Y10: 9 | Z10: =Y10*8 -> 72 | AA10: 12 | AB10: =AA10*8 -> 96 | AC10: 11 | AD10: =AC10*8 -> 88 | AF10: =AE10*8 -> 0 | AH10: =AG10*8 -> 0 | AI10: =AG10*4 -> 0 | AK10: =AJ10*8 -> 0 | AL10: =AJ10*4 -> 0 | AP10: =E10+AM10+AJ10+AG10+AE10+AC10+AA10+Y10+T10+O10+J10 -> 64 | AQ10: =SUM(F10,G10,H10,I10,K10,L10,M10,N10,P10,Q10,R10,S10,U10,V10,W10,X10,Z10,AB10,AD10,AF10,AH10,AI10,AK10,AL10,AN10,AO10) -> 384
B11: Belgaum | C11: 9 | D11: KHPS Managutti | E11: 14 | F11: =E11*1 -> 14 | G11: =E11*1 -> 14 | H11: =E11*1 -> 14 | I11: =E11*1 -> 14 | J11: 25 | K11: =J11*1 -> 25 | L11: =J11*1 -> 25 | M11: =J11*1 -> 25 | N11: =J11*1 -> 25 | O11: 28 | P11: =O11*1 -> 28 | Q11: =O11*1 -> 28 | R11: =O11*1 -> 28 | S11: =O11*1 -> 28 | T11: 24 | U11: =T11*1 -> 24 | V11: =U11*1 -> 24 | W11: =V11*1 -> 24 | X11: =W11*1 -> 24 | Y11: 21 | Z11: =Y11*8 -> 168 | AA11: 41 | AB11: =AA11*8 -> 328 | AC11: 30 | AD11: =AC11*8 -> 240 | AF11: =AE11*8 -> 0 | AH11: =AG11*8 -> 0 | AI11: =AG11*4 -> 0 | AK11: =AJ11*8 -> 0 | AL11: =AJ11*4 -> 0 | AP11: =E11+AM11+AJ11+AG11+AE11+AC11+AA11+Y11+T11+O11+J11 -> 183 | AQ11: =SUM(F11,G11,H11,I11,K11,L11,M11,N11,P11,Q11,R11,S11,U11,V11,W11,X11,Z11,AB11,AD11,AF11,AH11,AI11,AK11,AL11,AN11,AO11) -> 1100
B12: Belgaum | C12: 10 | D12: MHPS Managutti | E12: 6 | F12: =E12*1 -> 6 | G12: =E12*1 -> 6 | H12: =E12*1 -> 6 | I12: =E12*1 -> 6 | J12: 13 | K12: =J12*1 -> 13 | L12: =J12*1 -> 13 | M12: =J12*1 -> 13 | N12: =J12*1 -> 13 | O12: 19 | P12: =O12*1 -> 19 | Q12: =O12*1 -> 19 | R12: =O12*1 -> 19 | S12: =O12*1 -> 19 | T12: 22 | U12: =T12*1 -> 22 | V12: =U12*1 -> 22 | W12: =V12*1 -> 22 | X12: =W12*1 -> 22 | Y12: 28 | Z12: =Y12*8 -> 224 | AA12: 16 | AB12: =AA12*8 -> 128 | AC12: 25 | AD12: =AC12*8 -> 200 | AF12: =AE12*8 -> 0 | AH12: =AG12*8 -> 0 | AI12: =AG12*4 -> 0 | AK12: =AJ12*8 -> 0 | AL12: =AJ12*4 -> 0 | AP12: =E12+AM12+AJ12+AG12+AE12+AC12+AA12+Y12+T12+O12+J12 -> 129 | AQ12: =SUM(F12,G12,H12,I12,K12,L12,M12,N12,P12,Q12,R12,S12,U12,V12,W12,X12,Z12,AB12,AD12,AF12,AH12,AI12,AK12,AL12,AN12,AO12) -> 792
B13: Belgaum | C13: 11 | D13: GHS Hunnur Masthiholi | F13: =E13*1 -> 0 | G13: =E13*1 -> 0 | H13: =E13*1 -> 0 | I13: =E13*1 -> 0 | K13: =J13*1 -> 0 | L13: =J13*1 -> 0 | M13: =J13*1 -> 0 | N13: =J13*1 -> 0 | P13: =O13*1 -> 0 | Q13: =O13*1 -> 0 | R13: =O13*1 -> 0 | S13: =O13*1 -> 0 | U13: =T13*1 -> 0 | V13: =U13*1 -> 0 | W13: =V13*1 -> 0 | X13: =W13*1 -> 0 | Z13: =Y13*8 -> 0 | AB13: =AA13*8 -> 0 | AD13: =AC13*8 -> 0 | AE13: 90 | AF13: =AE13*8 -> 720 | AG13: 170 | AH13: =AG13*8 -> 1360 | AI13: =AG13*4 -> 680 | AJ13: 120 | AK13: =AJ13*8 -> 960 | AL13: =AJ13*4 -> 480 | AP13: =E13+AM13+AJ13+AG13+AE13+AC13+AA13+Y13+T13+O13+J13 -> 380 | AQ13: =SUM(F13,G13,H13,I13,K13,L13,M13,N13,P13,Q13,R13,S13,U13,V13,W13,X13,Z13,AB13,AD13,AF13,AH13,AI13,AK13,AL13,AN13,AO13) -> 4200
B14: Belgaum | C14: 12 | D14: GHS Naganur KM | F14: =E14*1 -> 0 | G14: =E14*1 -> 0 | H14: =E14*1 -> 0 | I14: =E14*1 -> 0 | K14: =J14*1 -> 0 | L14: =J14*1 -> 0 | M14: =J14*1 -> 0 | N14: =J14*1 -> 0 | P14: =O14*1 -> 0 | Q14: =O14*1 -> 0 | R14: =O14*1 -> 0 | S14: =O14*1 -> 0 | U14: =T14*1 -> 0 | V14: =U14*1 -> 0 | W14: =V14*1 -> 0 | X14: =W14*1 -> 0 | Z14: =Y14*8 -> 0 | AB14: =AA14*8 -> 0 | AD14: =AC14*8 -> 0 | AE14: 50 | AF14: =AE14*8 -> 400 | AG14: 49 | AH14: =AG14*8 -> 392 | AI14: =AG14*4 -> 196 | AJ14: 49 | AK14: =AJ14*8 -> 392 | AL14: =AJ14*4 -> 196 | AP14: =E14+AM14+AJ14+AG14+AE14+AC14+AA14+Y14+T14+O14+J14 -> 148 | AQ14: =SUM(F14,G14,H14,I14,K14,L14,M14,N14,P14,Q14,R14,S14,U14,V14,W14,X14,Z14,AB14,AD14,AF14,AH14,AI14,AK14,AL14,AN14,AO14) -> 1576
B15: Belgaum | C15: 13 | D15: GHS Attihal | F15: =E15*1 -> 0 | G15: =E15*1 -> 0 | H15: =E15*1 -> 0 | I15: =E15*1 -> 0 | K15: =J15*1 -> 0 | L15: =J15*1 -> 0 | M15: =J15*1 -> 0 | N15: =J15*1 -> 0 | P15: =O15*1 -> 0 | Q15: =O15*1 -> 0 | R15: =O15*1 -> 0 | S15: =O15*1 -> 0 | U15: =T15*1 -> 0 | V15: =U15*1 -> 0 | W15: =V15*1 -> 0 | X15: =W15*1 -> 0 | Z15: =Y15*8 -> 0 | AB15: =AA15*8 -> 0 | AD15: =AC15*8 -> 0 | AE15: 63 | AF15: =AE15*8 -> 504 | AG15: 71 | AH15: =AG15*8 -> 568 | AI15: =AG15*4 -> 284 | AJ15: 52 | AK15: =AJ15*8 -> 416 | AL15: =AJ15*4 -> 208 | AP15: =E15+AM15+AJ15+AG15+AE15+AC15+AA15+Y15+T15+O15+J15 -> 186 | AQ15: =SUM(F15,G15,H15,I15,K15,L15,M15,N15,P15,Q15,R15,S15,U15,V15,W15,X15,Z15,AB15,AD15,AF15,AH15,AI15,AK15,AL15,AN15,AO15) -> 1980
B16: Belgaum | C16: 14 | D16: KLPS Halegudaganatti | E16: 13 | F16: =E16*1 -> 13 | G16: =E16*1 -> 13 | H16: =E16*1 -> 13 | I16: =E16*1 -> 13 | J16: 18 | K16: =J16*1 -> 18 | L16: =J16*1 -> 18 | M16: =J16*1 -> 18 | N16: =J16*1 -> 18 | O16: 12 | P16: =O16*1 -> 12 | Q16: =O16*1 -> 12 | R16: =O16*1 -> 12 | S16: =O16*1 -> 12 | T16: 17 | U16: =T16*1 -> 17 | V16: =U16*1 -> 17 | W16: =V16*1 -> 17 | X16: =W16*1 -> 17 | Y16: 16 | Z16: =Y16*8 -> 128 | AA16: 13 | AB16: =AA16*8 -> 104 | AC16: 15 | AD16: =AC16*8 -> 120 | AF16: =AE16*8 -> 0 | AH16: =AG16*8 -> 0 | AI16: =AG16*4 -> 0 | AK16: =AJ16*8 -> 0 | AL16: =AJ16*4 -> 0 | AP16: =E16+AM16+AJ16+AG16+AE16+AC16+AA16+Y16+T16+O16+J16 -> 104 | AQ16: =SUM(F16,G16,H16,I16,K16,L16,M16,N16,P16,Q16,R16,S16,U16,V16,W16,X16,Z16,AB16,AD16,AF16,AH16,AI16,AK16,AL16,AN16,AO16) -> 592
B17: Belgaum | C17: 15 | D17: KLPS Dadbanahatti | E17: 10 | F17: =E17*1 -> 10 | G17: =E17*1 -> 10 | H17: =E17*1 -> 10 | I17: =E17*1 -> 10 | J17: 12 | K17: =J17*1 -> 12 | L17: =J17*1 -> 12 | M17: =J17*1 -> 12 | N17: =J17*1 -> 12 | O17: 13 | P17: =O17*1 -> 13 | Q17: =O17*1 -> 13 | R17: =O17*1 -> 13 | S17: =O17*1 -> 13 | T17: 13 | U17: =T17*1 -> 13 | V17: =U17*1 -> 13 | W17: =V17*1 -> 13 | X17: =W17*1 -> 13 | Y17: 14 | Z17: =Y17*8 -> 112 | AB17: =AA17*8 -> 0 | AD17: =AC17*8 -> 0 | AF17: =AE17*8 -> 0 | AH17: =AG17*8 -> 0 | AI17: =AG17*4 -> 0 | AK17: =AJ17*8 -> 0 | AL17: =AJ17*4 -> 0 | AP17: =E17+AM17+AJ17+AG17+AE17+AC17+AA17+Y17+T17+O17+J17 -> 62 | AQ17: =SUM(F17,G17,H17,I17,K17,L17,M17,N17,P17,Q17,R17,S17,U17,V17,W17,X17,Z17,AB17,AD17,AF17,AH17,AI17,AK17,AL17,AN17,AO17) -> 304
B18: Hubballi | C18: 16 | D18: KHPS Itigatti Hubballi | E18: 42 | F18: =E18*1 -> 42 | G18: =E18*1 -> 42 | H18: =E18*1 -> 42 | I18: =E18*1 -> 42 | J18: 43 | K18: =J18*1 -> 43 | L18: =J18*1 -> 43 | M18: =J18*1 -> 43 | N18: =J18*1 -> 43 | O18: 40 | P18: =O18*1 -> 40 | Q18: =O18*1 -> 40 | R18: =O18*1 -> 40 | S18: =O18*1 -> 40 | T18: 45 | U18: =T18*1 -> 45 | V18: =U18*1 -> 45 | W18: =V18*1 -> 45 | X18: =W18*1 -> 45 | Y18: 45 | Z18: =Y18*8 -> 360 | AA18: 60 | AB18: =AA18*8 -> 480 | AC18: 62 | AD18: =AC18*8 -> 496 | AF18: =AE18*8 -> 0 | AH18: =AG18*8 -> 0 | AI18: =AG18*4 -> 0 | AK18: =AJ18*8 -> 0 | AL18: =AJ18*4 -> 0 | AP18: =E18+AM18+AJ18+AG18+AE18+AC18+AA18+Y18+T18+O18+J18 -> 337 | AQ18: =SUM(F18,G18,H18,I18,K18,L18,M18,N18,P18,Q18,R18,S18,U18,V18,W18,X18,Z18,AB18,AD18,AF18,AH18,AI18,AK18,AL18,AN18,AO18) -> 2016
B19: Belgaum | C19: 17 | D19: KHPS Benkanhalli | E19: 20 | F19: =E19*1 -> 20 | G19: =E19*1 -> 20 | H19: =E19*1 -> 20 | I19: =E19*1 -> 20 | J19: 41 | K19: =J19*1 -> 41 | L19: =J19*1 -> 41 | M19: =J19*1 -> 41 | N19: =J19*1 -> 41 | O19: 30 | P19: =O19*1 -> 30 | Q19: =O19*1 -> 30 | R19: =O19*1 -> 30 | S19: =O19*1 -> 30 | T19: 28 | U19: =T19*1 -> 28 | V19: =U19*1 -> 28 | W19: =V19*1 -> 28 | X19: =W19*1 -> 28 | Y19: 36 | Z19: =Y19*8 -> 288 | AA19: 33 | AB19: =AA19*8 -> 264 | AC19: 47 | AD19: =AC19*8 -> 376 | AF19: =AE19*8 -> 0 | AH19: =AG19*8 -> 0 | AI19: =AG19*4 -> 0 | AK19: =AJ19*8 -> 0 | AL19: =AJ19*4 -> 0 | AP19: =E19+AM19+AJ19+AG19+AE19+AC19+AA19+Y19+T19+O19+J19 -> 235 | AQ19: =SUM(F19,G19,H19,I19,K19,L19,M19,N19,P19,Q19,R19,S19,U19,V19,W19,X19,Z19,AB19,AD19,AF19,AH19,AI19,AK19,AL19,AN19,AO19) -> 1404
B20: Belgaum | C20: 18 | D20: KHPS Attihal | E20: 1 | F20: =E20*1 -> 1 | G20: =E20*1 -> 1 | H20: =E20*1 -> 1 | I20: =E20*1 -> 1 | J20: 9 | K20: =J20*1 -> 9 | L20: =J20*1 -> 9 | M20: =J20*1 -> 9 | N20: =J20*1 -> 9 | O20: 7 | P20: =O20*1 -> 7 | Q20: =O20*1 -> 7 | R20: =O20*1 -> 7 | S20: =O20*1 -> 7 | T20: 10 | U20: =T20*1 -> 10 | V20: =U20*1 -> 10 | W20: =V20*1 -> 10 | X20: =W20*1 -> 10 | Y20: 7 | Z20: =Y20*8 -> 56 | AA20: 13 | AB20: =AA20*8 -> 104 | AC20: 10 | AD20: =AC20*8 -> 80 | AF20: =AE20*8 -> 0 | AH20: =AG20*8 -> 0 | AI20: =AG20*4 -> 0 | AK20: =AJ20*8 -> 0 | AL20: =AJ20*4 -> 0 | AP20: =E20+AM20+AJ20+AG20+AE20+AC20+AA20+Y20+T20+O20+J20 -> 57 | AQ20: =SUM(F20,G20,H20,I20,K20,L20,M20,N20,P20,Q20,R20,S20,U20,V20,W20,X20,Z20,AB20,AD20,AF20,AH20,AI20,AK20,AL20,AN20,AO20) -> 348
B21: Belgaum | C21: 19 | D21: KHPS Majati | E21: 20 | F21: =E21*1 -> 20 | G21: =E21*1 -> 20 | H21: =E21*1 -> 20 | I21: =E21*1 -> 20 | J21: 31 | K21: =J21*1 -> 31 | L21: =J21*1 -> 31 | M21: =J21*1 -> 31 | N21: =J21*1 -> 31 | O21: 42 | P21: =O21*1 -> 42 | Q21: =O21*1 -> 42 | R21: =O21*1 -> 42 | S21: =O21*1 -> 42 | T21: 41 | U21: =T21*1 -> 41 | V21: =U21*1 -> 41 | W21: =V21*1 -> 41 | X21: =W21*1 -> 41 | Y21: 36 | Z21: =Y21*8 -> 288 | AA21: 38 | AB21: =AA21*8 -> 304 | AC21: 31 | AD21: =AC21*8 -> 248 | AF21: =AE21*8 -> 0 | AH21: =AG21*8 -> 0 | AI21: =AG21*4 -> 0 | AK21: =AJ21*8 -> 0 | AL21: =AJ21*4 -> 0 | AP21: =E21+AM21+AJ21+AG21+AE21+AC21+AA21+Y21+T21+O21+J21 -> 239 | AQ21: =SUM(F21,G21,H21,I21,K21,L21,M21,N21,P21,Q21,R21,S21,U21,V21,W21,X21,Z21,AB21,AD21,AF21,AH21,AI21,AK21,AL21,AN21,AO21) -> 1376
B22: Belgaum | C22: 20 | D22: GHS Nerli | F22: =E22*1 -> 0 | G22: =E22*1 -> 0 | H22: =E22*1 -> 0 | I22: =E22*1 -> 0 | K22: =J22*1 -> 0 | L22: =J22*1 -> 0 | M22: =J22*1 -> 0 | N22: =J22*1 -> 0 | P22: =O22*1 -> 0 | Q22: =O22*1 -> 0 | R22: =O22*1 -> 0 | S22: =O22*1 -> 0 | U22: =T22*1 -> 0 | V22: =U22*1 -> 0 | W22: =V22*1 -> 0 | X22: =W22*1 -> 0 | Z22: =Y22*8 -> 0 | AB22: =AA22*8 -> 0 | AD22: =AC22*8 -> 0 | AE22: 96 | AF22: =AE22*8 -> 768 | AG22: 110 | AH22: =AG22*8 -> 880 | AI22: =AG22*4 -> 440 | AJ22: 100 | AK22: =AJ22*8 -> 800 | AL22: =AJ22*4 -> 400 | AP22: =E22+AM22+AJ22+AG22+AE22+AC22+AA22+Y22+T22+O22+J22 -> 306 | AQ22: =SUM(F22,G22,H22,I22,K22,L22,M22,N22,P22,Q22,R22,S22,U22,V22,W22,X22,Z22,AB22,AD22,AF22,AH22,AI22,AK22,AL22,AN22,AO22) -> 3288
B23: Belgaum | C23: 21 | D23: GHS Kochari | F23: =E23*1 -> 0 | G23: =E23*1 -> 0 | H23: =E23*1 -> 0 | I23: =E23*1 -> 0 | K23: =J23*1 -> 0 | L23: =J23*1 -> 0 | M23: =J23*1 -> 0 | N23: =J23*1 -> 0 | P23: =O23*1 -> 0 | Q23: =O23*1 -> 0 | R23: =O23*1 -> 0 | S23: =O23*1 -> 0 | U23: =T23*1 -> 0 | V23: =U23*1 -> 0 | W23: =V23*1 -> 0 | X23: =W23*1 -> 0 | Z23: =Y23*8 -> 0 | AB23: =AA23*8 -> 0 | AD23: =AC23*8 -> 0 | AE23: 65 | AF23: =AE23*8 -> 520 | AG23: 60 | AH23: =AG23*8 -> 480 | AI23: =AG23*4 -> 240 | AJ23: 63 | AK23: =AJ23*8 -> 504 | AL23: =AJ23*4 -> 252 | AP23: =E23+AM23+AJ23+AG23+AE23+AC23+AA23+Y23+T23+O23+J23 -> 188 | AQ23: =SUM(F23,G23,H23,I23,K23,L23,M23,N23,P23,Q23,R23,S23,U23,V23,W23,X23,Z23,AB23,AD23,AF23,AH23,AI23,AK23,AL23,AN23,AO23) -> 1996
B24: Belgaum | C24: 22 | D24: KHPS Aldal | E24: 7 | F24: =E24*1 -> 7 | G24: =E24*1 -> 7 | H24: =E24*1 -> 7 | I24: =E24*1 -> 7 | J24: 22 | K24: =J24*1 -> 22 | L24: =J24*1 -> 22 | M24: =J24*1 -> 22 | N24: =J24*1 -> 22 | O24: 17 | P24: =O24*1 -> 17 | Q24: =O24*1 -> 17 | R24: =O24*1 -> 17 | S24: =O24*1 -> 17 | T24: 16 | U24: =T24*1 -> 16 | V24: =U24*1 -> 16 | W24: =V24*1 -> 16 | X24: =W24*1 -> 16 | Y24: 24 | Z24: =Y24*8 -> 192 | AA24: 23 | AB24: =AA24*8 -> 184 | AC24: 24 | AD24: =AC24*8 -> 192 | AF24: =AE24*8 -> 0 | AH24: =AG24*8 -> 0 | AI24: =AG24*4 -> 0 | AK24: =AJ24*8 -> 0 | AL24: =AJ24*4 -> 0 | AP24: =E24+AM24+AJ24+AG24+AE24+AC24+AA24+Y24+T24+O24+J24 -> 133 | AQ24: =SUM(F24,G24,H24,I24,K24,L24,M24,N24,P24,Q24,R24,S24,U24,V24,W24,X24,Z24,AB24,AD24,AF24,AH24,AI24,AK24,AL24,AN24,AO24) -> 816
B25: Belgaum | C25: 23 | D25: KHPBS Ullagadi Khanapur | E25: 22 | F25: =E25*1 -> 22 | G25: =E25*1 -> 22 | H25: =E25*1 -> 22 | I25: =E25*1 -> 22 | J25: 18 | K25: =J25*1 -> 18 | L25: =J25*1 -> 18 | M25: =J25*1 -> 18 | N25: =J25*1 -> 18 | O25: 20 | P25: =O25*1 -> 20 | Q25: =O25*1 -> 20 | R25: =O25*1 -> 20 | S25: =O25*1 -> 20 | T25: 18 | U25: =T25*1 -> 18 | V25: =U25*1 -> 18 | W25: =V25*1 -> 18 | X25: =W25*1 -> 18 | Y25: 21 | Z25: =Y25*8 -> 168 | AA25: 22 | AB25: =AA25*8 -> 176 | AC25: 18 | AD25: =AC25*8 -> 144 | AF25: =AE25*8 -> 0 | AH25: =AG25*8 -> 0 | AI25: =AG25*4 -> 0 | AK25: =AJ25*8 -> 0 | AL25: =AJ25*4 -> 0 | AP25: =E25+AM25+AJ25+AG25+AE25+AC25+AA25+Y25+T25+O25+J25 -> 139 | AQ25: =SUM(F25,G25,H25,I25,K25,L25,M25,N25,P25,Q25,R25,S25,U25,V25,W25,X25,Z25,AB25,AD25,AF25,AH25,AI25,AK25,AL25,AN25,AO25) -> 800
B26: Belgaum | C26: 24 | D26: KHPGS Ullagadi Khanapur | E26: 7 | F26: =E26*1 -> 7 | G26: =E26*1 -> 7 | H26: =E26*1 -> 7 | I26: =E26*1 -> 7 | J26: 7 | K26: =J26*1 -> 7 | L26: =J26*1 -> 7 | M26: =J26*1 -> 7 | N26: =J26*1 -> 7 | O26: 13 | P26: =O26*1 -> 13 | Q26: =O26*1 -> 13 | R26: =O26*1 -> 13 | S26: =O26*1 -> 13 | T26: 10 | U26: =T26*1 -> 10 | V26: =U26*1 -> 10 | W26: =V26*1 -> 10 | X26: =W26*1 -> 10 | Y26: 18 | Z26: =Y26*8 -> 144 | AA26: 21 | AB26: =AA26*8 -> 168 | AC26: 20 | AD26: =AC26*8 -> 160 | AF26: =AE26*8 -> 0 | AH26: =AG26*8 -> 0 | AI26: =AG26*4 -> 0 | AK26: =AJ26*8 -> 0 | AL26: =AJ26*4 -> 0 | AP26: =E26+AM26+AJ26+AG26+AE26+AC26+AA26+Y26+T26+O26+J26 -> 96 | AQ26: =SUM(F26,G26,H26,I26,K26,L26,M26,N26,P26,Q26,R26,S26,U26,V26,W26,X26,Z26,AB26,AD26,AF26,AH26,AI26,AK26,AL26,AN26,AO26) -> 620
B27: Belgaum | C27: 25 | D27: KHPS Naganur | E27: 6 | F27: =E27*1 -> 6 | G27: =E27*1 -> 6 | H27: =E27*1 -> 6 | I27: =E27*1 -> 6 | J27: 17 | K27: =J27*1 -> 17 | L27: =J27*1 -> 17 | M27: =J27*1 -> 17 | N27: =J27*1 -> 17 | O27: 28 | P27: =O27*1 -> 28 | Q27: =O27*1 -> 28 | R27: =O27*1 -> 28 | S27: =O27*1 -> 28 | T27: 19 | U27: =T27*1 -> 19 | V27: =U27*1 -> 19 | W27: =V27*1 -> 19 | X27: =W27*1 -> 19 | Y27: 24 | Z27: =Y27*8 -> 192 | AA27: 30 | AB27: =AA27*8 -> 240 | AC27: 30 | AD27: =AC27*8 -> 240 | AF27: =AE27*8 -> 0 | AH27: =AG27*8 -> 0 | AI27: =AG27*4 -> 0 | AK27: =AJ27*8 -> 0 | AL27: =AJ27*4 -> 0 | AP27: =E27+AM27+AJ27+AG27+AE27+AC27+AA27+Y27+T27+O27+J27 -> 154 | AQ27: =SUM(F27,G27,H27,I27,K27,L27,M27,N27,P27,Q27,R27,S27,U27,V27,W27,X27,Z27,AB27,AD27,AF27,AH27,AI27,AK27,AL27,AN27,AO27) -> 952
B28: Belgaum | C28: 26 | D28: KHPS Gudaganahatti Daddi | E28: 11 | F28: =E28*1 -> 11 | G28: =E28*1 -> 11 | H28: =E28*1 -> 11 | I28: =E28*1 -> 11 | J28: 12 | K28: =J28*1 -> 12 | L28: =J28*1 -> 12 | M28: =J28*1 -> 12 | N28: =J28*1 -> 12 | O28: 11 | P28: =O28*1 -> 11 | Q28: =O28*1 -> 11 | R28: =O28*1 -> 11 | S28: =O28*1 -> 11 | T28: 11 | U28: =T28*1 -> 11 | V28: =U28*1 -> 11 | W28: =V28*1 -> 11 | X28: =W28*1 -> 11 | Y28: 11 | Z28: =Y28*8 -> 88 | AA28: 15 | AB28: =AA28*8 -> 120 | AC28: 18 | AD28: =AC28*8 -> 144 | AF28: =AE28*8 -> 0 | AH28: =AG28*8 -> 0 | AI28: =AG28*4 -> 0 | AK28: =AJ28*8 -> 0 | AL28: =AJ28*4 -> 0 | AP28: =E28+AM28+AJ28+AG28+AE28+AC28+AA28+Y28+T28+O28+J28 -> 89 | AQ28: =SUM(F28,G28,H28,I28,K28,L28,M28,N28,P28,Q28,R28,S28,U28,V28,W28,X28,Z28,AB28,AD28,AF28,AH28,AI28,AK28,AL28,AN28,AO28) -> 532
B29: Belgaum | C29: 27 | D29: MHPS Daddi | E29: 24 | F29: =E29*1 -> 24 | G29: =E29*1 -> 24 | H29: =E29*1 -> 24 | I29: =E29*1 -> 24 | J29: 22 | K29: =J29*1 -> 22 | L29: =J29*1 -> 22 | M29: =J29*1 -> 22 | N29: =J29*1 -> 22 | O29: 23 | P29: =O29*1 -> 23 | Q29: =O29*1 -> 23 | R29: =O29*1 -> 23 | S29: =O29*1 -> 23 | T29: 19 | U29: =T29*1 -> 19 | V29: =U29*1 -> 19 | W29: =V29*1 -> 19 | X29: =W29*1 -> 19 | Y29: 24 | Z29: =Y29*8 -> 192 | AA29: 26 | AB29: =AA29*8 -> 208 | AC29: 24 | AD29: =AC29*8 -> 192 | AF29: =AE29*8 -> 0 | AH29: =AG29*8 -> 0 | AI29: =AG29*4 -> 0 | AK29: =AJ29*8 -> 0 | AL29: =AJ29*4 -> 0 | AP29: =E29+AM29+AJ29+AG29+AE29+AC29+AA29+Y29+T29+O29+J29 -> 162 | AQ29: =SUM(F29,G29,H29,I29,K29,L29,M29,N29,P29,Q29,R29,S29,U29,V29,W29,X29,Z29,AB29,AD29,AF29,AH29,AI29,AK29,AL29,AN29,AO29) -> 944
B30: Belgaum | C30: 28 | D30: KHPS Indiranagar | E30: 4 | F30: =E30*1 -> 4 | G30: =E30*1 -> 4 | H30: =E30*1 -> 4 | I30: =E30*1 -> 4 | J30: 11 | K30: =J30*1 -> 11 | L30: =J30*1 -> 11 | M30: =J30*1 -> 11 | N30: =J30*1 -> 11 | O30: 9 | P30: =O30*1 -> 9 | Q30: =O30*1 -> 9 | R30: =O30*1 -> 9 | S30: =O30*1 -> 9 | T30: 19 | U30: =T30*1 -> 19 | V30: =U30*1 -> 19 | W30: =V30*1 -> 19 | X30: =W30*1 -> 19 | Y30: 18 | Z30: =Y30*8 -> 144 | AA30: 20 | AB30: =AA30*8 -> 160 | AC30: 13 | AD30: =AC30*8 -> 104 | AF30: =AE30*8 -> 0 | AH30: =AG30*8 -> 0 | AI30: =AG30*4 -> 0 | AK30: =AJ30*8 -> 0 | AL30: =AJ30*4 -> 0 | AP30: =E30+AM30+AJ30+AG30+AE30+AC30+AA30+Y30+T30+O30+J30 -> 94 | AQ30: =SUM(F30,G30,H30,I30,K30,L30,M30,N30,P30,Q30,R30,S30,U30,V30,W30,X30,Z30,AB30,AD30,AF30,AH30,AI30,AK30,AL30,AN30,AO30) -> 580
B31: Belgaum | C31: 29 | D31: KHPS Daddi | E31: 12 | F31: =E31*1 -> 12 | G31: =E31*1 -> 12 | H31: =E31*1 -> 12 | I31: =E31*1 -> 12 | J31: 26 | K31: =J31*1 -> 26 | L31: =J31*1 -> 26 | M31: =J31*1 -> 26 | N31: =J31*1 -> 26 | O31: 20 | P31: =O31*1 -> 20 | Q31: =O31*1 -> 20 | R31: =O31*1 -> 20 | S31: =O31*1 -> 20 | T31: 27 | U31: =T31*1 -> 27 | V31: =U31*1 -> 27 | W31: =V31*1 -> 27 | X31: =W31*1 -> 27 | Y31: 17 | Z31: =Y31*8 -> 136 | AA31: 21 | AB31: =AA31*8 -> 168 | AC31: 29 | AD31: =AC31*8 -> 232 | AF31: =AE31*8 -> 0 | AH31: =AG31*8 -> 0 | AI31: =AG31*4 -> 0 | AK31: =AJ31*8 -> 0 | AL31: =AJ31*4 -> 0 | AP31: =E31+AM31+AJ31+AG31+AE31+AC31+AA31+Y31+T31+O31+J31 -> 152 | AQ31: =SUM(F31,G31,H31,I31,K31,L31,M31,N31,P31,Q31,R31,S31,U31,V31,W31,X31,Z31,AB31,AD31,AF31,AH31,AI31,AK31,AL31,AN31,AO31) -> 876
B32: Hubballi | C32: 30 | D32: GHPS Managundi | E32: 28 | F32: =E32*1 -> 28 | G32: =E32*1 -> 28 | H32: =E32*1 -> 28 | I32: =E32*1 -> 28 | J32: 43 | K32: =J32*1 -> 43 | L32: =J32*1 -> 43 | M32: =J32*1 -> 43 | N32: =J32*1 -> 43 | O32: 88 | P32: =O32*1 -> 88 | Q32: =O32*1 -> 88 | R32: =O32*1 -> 88 | S32: =O32*1 -> 88 | T32: 47 | U32: =T32*1 -> 47 | V32: =U32*1 -> 47 | W32: =V32*1 -> 47 | X32: =W32*1 -> 47 | Y32: 35 | Z32: =Y32*8 -> 280 | AA32: 55 | AB32: =AA32*8 -> 440 | AC32: 50 | AD32: =AC32*8 -> 400 | AF32: =AE32*8 -> 0 | AH32: =AG32*8 -> 0 | AI32: =AG32*4 -> 0 | AK32: =AJ32*8 -> 0 | AL32: =AJ32*4 -> 0 | AP32: =E32+AM32+AJ32+AG32+AE32+AC32+AA32+Y32+T32+O32+J32 -> 346 | AQ32: =SUM(F32,G32,H32,I32,K32,L32,M32,N32,P32,Q32,R32,S32,U32,V32,W32,X32,Z32,AB32,AD32,AF32,AH32,AI32,AK32,AL32,AN32,AO32) -> 1944
B33: Hubballi | C33: 31 | D33: GHS Managundi | F33: =E33*1 -> 0 | G33: =E33*1 -> 0 | H33: =E33*1 -> 0 | I33: =E33*1 -> 0 | K33: =J33*1 -> 0 | L33: =J33*1 -> 0 | M33: =J33*1 -> 0 | N33: =J33*1 -> 0 | P33: =O33*1 -> 0 | Q33: =O33*1 -> 0 | R33: =O33*1 -> 0 | S33: =O33*1 -> 0 | U33: =T33*1 -> 0 | V33: =U33*1 -> 0 | W33: =V33*1 -> 0 | X33: =W33*1 -> 0 | Z33: =Y33*8 -> 0 | AB33: =AA33*8 -> 0 | AD33: =AC33*8 -> 0 | AE33: 47 | AF33: =AE33*8 -> 376 | AG33: 96 | AH33: =AG33*8 -> 768 | AI33: =AG33*4 -> 384 | AJ33: 76 | AK33: =AJ33*8 -> 608 | AL33: =AJ33*4 -> 304 | AP33: =E33+AM33+AJ33+AG33+AE33+AC33+AA33+Y33+T33+O33+J33 -> 219 | AQ33: =SUM(F33,G33,H33,I33,K33,L33,M33,N33,P33,Q33,R33,S33,U33,V33,W33,X33,Z33,AB33,AD33,AF33,AH33,AI33,AK33,AL33,AN33,AO33) -> 2440
B34: Hubballi | C34: 32 | D34: GHPS Yarikoppa | E34: 12 | F34: =E34*1 -> 12 | G34: =E34*1 -> 12 | H34: =E34*1 -> 12 | I34: =E34*1 -> 12 | J34: 15 | K34: =J34*1 -> 15 | L34: =J34*1 -> 15 | M34: =J34*1 -> 15 | N34: =J34*1 -> 15 | O34: 21 | P34: =O34*1 -> 21 | Q34: =O34*1 -> 21 | R34: =O34*1 -> 21 | S34: =O34*1 -> 21 | T34: 19 | U34: =T34*1 -> 19 | V34: =U34*1 -> 19 | W34: =V34*1 -> 19 | X34: =W34*1 -> 19 | Y34: 18 | Z34: =Y34*8 -> 144 | AA34: 46 | AB34: =AA34*8 -> 368 | AC34: 41 | AD34: =AC34*8 -> 328 | AF34: =AE34*8 -> 0 | AH34: =AG34*8 -> 0 | AI34: =AG34*4 -> 0 | AK34: =AJ34*8 -> 0 | AL34: =AJ34*4 -> 0 | AP34: =E34+AM34+AJ34+AG34+AE34+AC34+AA34+Y34+T34+O34+J34 -> 172 | AQ34: =SUM(F34,G34,H34,I34,K34,L34,M34,N34,P34,Q34,R34,S34,U34,V34,W34,X34,Z34,AB34,AD34,AF34,AH34,AI34,AK34,AL34,AN34,AO34) -> 1108
B35: Hubballi | C35: 33 | D35: GHS Yarikoppa | F35: =E35*1 -> 0 | G35: =E35*1 -> 0 | H35: =E35*1 -> 0 | I35: =E35*1 -> 0 | K35: =J35*1 -> 0 | L35: =J35*1 -> 0 | M35: =J35*1 -> 0 | N35: =J35*1 -> 0 | P35: =O35*1 -> 0 | Q35: =O35*1 -> 0 | R35: =O35*1 -> 0 | S35: =O35*1 -> 0 | U35: =T35*1 -> 0 | V35: =U35*1 -> 0 | W35: =V35*1 -> 0 | X35: =W35*1 -> 0 | Z35: =Y35*8 -> 0 | AB35: =AA35*8 -> 0 | AD35: =AC35*8 -> 0 | AE35: 45 | AF35: =AE35*8 -> 360 | AG35: 70 | AH35: =AG35*8 -> 560 | AI35: =AG35*4 -> 280 | AJ35: 63 | AK35: =AJ35*8 -> 504 | AL35: =AJ35*4 -> 252 | AP35: =E35+AM35+AJ35+AG35+AE35+AC35+AA35+Y35+T35+O35+J35 -> 178 | AQ35: =SUM(F35,G35,H35,I35,K35,L35,M35,N35,P35,Q35,R35,S35,U35,V35,W35,X35,Z35,AB35,AD35,AF35,AH35,AI35,AK35,AL35,AN35,AO35) -> 1956
B36: Hubballi | C36: 34 | D36: KHPS Hosur | E36: 30 | F36: =E36*1 -> 30 | G36: =E36*1 -> 30 | H36: =E36*1 -> 30 | I36: =E36*1 -> 30 | J36: 35 | K36: =J36*1 -> 35 | L36: =J36*1 -> 35 | M36: =J36*1 -> 35 | N36: =J36*1 -> 35 | O36: 38 | P36: =O36*1 -> 38 | Q36: =O36*1 -> 38 | R36: =O36*1 -> 38 | S36: =O36*1 -> 38 | T36: 37 | U36: =T36*1 -> 37 | V36: =U36*1 -> 37 | W36: =V36*1 -> 37 | X36: =W36*1 -> 37 | Y36: 35 | Z36: =Y36*8 -> 280 | AA36: 38 | AB36: =AA36*8 -> 304 | AC36: 39 | AD36: =AC36*8 -> 312 | AF36: =AE36*8 -> 0 | AH36: =AG36*8 -> 0 | AI36: =AG36*4 -> 0 | AK36: =AJ36*8 -> 0 | AL36: =AJ36*4 -> 0 | AP36: =E36+AM36+AJ36+AG36+AE36+AC36+AA36+Y36+T36+O36+J36 -> 252 | AQ36: =SUM(F36,G36,H36,I36,K36,L36,M36,N36,P36,Q36,R36,S36,U36,V36,W36,X36,Z36,AB36,AD36,AF36,AH36,AI36,AK36,AL36,AN36,AO36) -> 1456
B37: Belgaum | C37: 35 | D37: Hebbal Boys School | E37: 13 | F37: =E37*1 -> 13 | G37: =E37*1 -> 13 | H37: =E37*1 -> 13 | I37: =E37*1 -> 13 | J37: 11 | K37: =J37*1 -> 11 | L37: =J37*1 -> 11 | M37: =J37*1 -> 11 | N37: =J37*1 -> 11 | O37: 11 | P37: =O37*1 -> 11 | Q37: =O37*1 -> 11 | R37: =O37*1 -> 11 | S37: =O37*1 -> 11 | T37: 10 | U37: =T37*1 -> 10 | V37: =U37*1 -> 10 | W37: =V37*1 -> 10 | X37: =W37*1 -> 10 | Y37: 17 | Z37: =Y37*8 -> 136 | AA37: 24 | AB37: =AA37*8 -> 192 | AC37: 26 | AD37: =AC37*8 -> 208 | AF37: =AE37*8 -> 0 | AH37: =AG37*8 -> 0 | AI37: =AG37*4 -> 0 | AK37: =AJ37*8 -> 0 | AL37: =AJ37*4 -> 0 | AP37: =E37+AM37+AJ37+AG37+AE37+AC37+AA37+Y37+T37+O37+J37 -> 112 | AQ37: =SUM(F37,G37,H37,I37,K37,L37,M37,N37,P37,Q37,R37,S37,U37,V37,W37,X37,Z37,AB37,AD37,AF37,AH37,AI37,AK37,AL37,AN37,AO37) -> 716
B38: Belgaum | C38: 36 | D38: Hebbal Girls School | E38: 22 | F38: =E38*1 -> 22 | G38: =E38*1 -> 22 | H38: =E38*1 -> 22 | I38: =E38*1 -> 22 | J38: 18 | K38: =J38*1 -> 18 | L38: =J38*1 -> 18 | M38: =J38*1 -> 18 | N38: =J38*1 -> 18 | O38: 16 | P38: =O38*1 -> 16 | Q38: =O38*1 -> 16 | R38: =O38*1 -> 16 | S38: =O38*1 -> 16 | T38: 14 | U38: =T38*1 -> 14 | V38: =U38*1 -> 14 | W38: =V38*1 -> 14 | X38: =W38*1 -> 14 | Y38: 22 | Z38: =Y38*8 -> 176 | AA38: 16 | AB38: =AA38*8 -> 128 | AC38: 19 | AD38: =AC38*8 -> 152 | AF38: =AE38*8 -> 0 | AH38: =AG38*8 -> 0 | AI38: =AG38*4 -> 0 | AK38: =AJ38*8 -> 0 | AL38: =AJ38*4 -> 0 | AP38: =E38+AM38+AJ38+AG38+AE38+AC38+AA38+Y38+T38+O38+J38 -> 127 | AQ38: =SUM(F38,G38,H38,I38,K38,L38,M38,N38,P38,Q38,R38,S38,U38,V38,W38,X38,Z38,AB38,AD38,AF38,AH38,AI38,AK38,AL38,AN38,AO38) -> 736
B39: Belgaum | C39: 37 | D39: KHPS Bidrewadi | E39: 8 | F39: =E39*1 -> 8 | G39: =E39*1 -> 8 | H39: =E39*1 -> 8 | I39: =E39*1 -> 8 | J39: 22 | K39: =J39*1 -> 22 | L39: =J39*1 -> 22 | M39: =J39*1 -> 22 | N39: =J39*1 -> 22 | O39: 20 | P39: =O39*1 -> 20 | Q39: =O39*1 -> 20 | R39: =O39*1 -> 20 | S39: =O39*1 -> 20 | T39: 15 | U39: =T39*1 -> 15 | V39: =U39*1 -> 15 | W39: =V39*1 -> 15 | X39: =W39*1 -> 15 | Y39: 21 | Z39: =Y39*8 -> 168 | AA39: 18 | AB39: =AA39*8 -> 144 | AC39: 22 | AD39: =AC39*8 -> 176 | AF39: =AE39*8 -> 0 | AH39: =AG39*8 -> 0 | AI39: =AG39*4 -> 0 | AK39: =AJ39*8 -> 0 | AL39: =AJ39*4 -> 0 | AP39: =E39+AM39+AJ39+AG39+AE39+AC39+AA39+Y39+T39+O39+J39 -> 126 | AQ39: =SUM(F39,G39,H39,I39,K39,L39,M39,N39,P39,Q39,R39,S39,U39,V39,W39,X39,Z39,AB39,AD39,AF39,AH39,AI39,AK39,AL39,AN39,AO39) -> 748
B40: Belgaum | C40: 38 | D40: KHPS Vaarimastiholli | E40: 5 | F40: =E40*1 -> 5 | G40: =E40*1 -> 5 | H40: =E40*1 -> 5 | I40: =E40*1 -> 5 | J40: 10 | K40: =J40*1 -> 10 | L40: =J40*1 -> 10 | M40: =J40*1 -> 10 | N40: =J40*1 -> 10 | O40: 12 | P40: =O40*1 -> 12 | Q40: =O40*1 -> 12 | R40: =O40*1 -> 12 | S40: =O40*1 -> 12 | T40: 5 | U40: =T40*1 -> 5 | V40: =U40*1 -> 5 | W40: =V40*1 -> 5 | X40: =W40*1 -> 5 | Y40: 10 | Z40: =Y40*8 -> 80 | AA40: 12 | AB40: =AA40*8 -> 96 | AC40: 12 | AD40: =AC40*8 -> 96 | AF40: =AE40*8 -> 0 | AH40: =AG40*8 -> 0 | AI40: =AG40*4 -> 0 | AK40: =AJ40*8 -> 0 | AL40: =AJ40*4 -> 0 | AP40: =E40+AM40+AJ40+AG40+AE40+AC40+AA40+Y40+T40+O40+J40 -> 66 | AQ40: =SUM(F40,G40,H40,I40,K40,L40,M40,N40,P40,Q40,R40,S40,U40,V40,W40,X40,Z40,AB40,AD40,AF40,AH40,AI40,AK40,AL40,AN40,AO40) -> 400
B41: Belgaum | C41: 39 | D41: UHPS Ullagadikhanapur | E41: 22 | F41: =E41*1 -> 22 | G41: =E41*1 -> 22 | H41: =E41*1 -> 22 | I41: =E41*1 -> 22 | J41: 27 | K41: =J41*1 -> 27 | L41: =J41*1 -> 27 | M41: =J41*1 -> 27 | N41: =J41*1 -> 27 | O41: 39 | P41: =O41*1 -> 39 | Q41: =O41*1 -> 39 | R41: =O41*1 -> 39 | S41: =O41*1 -> 39 | T41: 31 | U41: =T41*1 -> 31 | V41: =U41*1 -> 31 | W41: =V41*1 -> 31 | X41: =W41*1 -> 31 | Y41: 41 | Z41: =Y41*8 -> 328 | AA41: 16 | AB41: =AA41*8 -> 128 | AC41: 26 | AD41: =AC41*8 -> 208 | AF41: =AE41*8 -> 0 | AH41: =AG41*8 -> 0 | AI41: =AG41*4 -> 0 | AK41: =AJ41*8 -> 0 | AL41: =AJ41*4 -> 0 | AP41: =E41+AM41+AJ41+AG41+AE41+AC41+AA41+Y41+T41+O41+J41 -> 202 | AQ41: =SUM(F41,G41,H41,I41,K41,L41,M41,N41,P41,Q41,R41,S41,U41,V41,W41,X41,Z41,AB41,AD41,AF41,AH41,AI41,AK41,AL41,AN41,AO41) -> 1140
B42: Hubballi | C42: 40 | D42: GHS Hosur | F42: =E42*1 -> 0 | G42: =E42*1 -> 0 | H42: =E42*1 -> 0 | I42: =E42*1 -> 0 | K42: =J42*1 -> 0 | L42: =J42*1 -> 0 | M42: =J42*1 -> 0 | N42: =J42*1 -> 0 | P42: =O42*1 -> 0 | Q42: =O42*1 -> 0 | R42: =O42*1 -> 0 | S42: =O42*1 -> 0 | U42: =T42*1 -> 0 | V42: =U42*1 -> 0 | W42: =V42*1 -> 0 | X42: =W42*1 -> 0 | Z42: =Y42*8 -> 0 | AB42: =AA42*8 -> 0 | AD42: =AC42*8 -> 0 | AE42: 38 | AF42: =AE42*8 -> 304 | AG42: 36 | AH42: =AG42*8 -> 288 | AI42: =AG42*4 -> 144 | AJ42: 54 | AK42: =AJ42*8 -> 432 | AL42: =AJ42*4 -> 216 | AP42: =E42+AM42+AJ42+AG42+AE42+AC42+AA42+Y42+T42+O42+J42 -> 128 | AQ42: =SUM(F42,G42,H42,I42,K42,L42,M42,N42,P42,Q42,R42,S42,U42,V42,W42,X42,Z42,AB42,AD42,AF42,AH42,AI42,AK42,AL42,AN42,AO42) -> 1384
B43: Hubballi | C43: 41 | D43: GHS Itigatti Hubballi | F43: =E43*1 -> 0 | G43: =E43*1 -> 0 | H43: =E43*1 -> 0 | I43: =E43*1 -> 0 | K43: =J43*1 -> 0 | L43: =J43*1 -> 0 | M43: =J43*1 -> 0 | N43: =J43*1 -> 0 | P43: =O43*1 -> 0 | Q43: =O43*1 -> 0 | R43: =O43*1 -> 0 | S43: =O43*1 -> 0 | U43: =T43*1 -> 0 | V43: =U43*1 -> 0 | W43: =V43*1 -> 0 | X43: =W43*1 -> 0 | Z43: =Y43*8 -> 0 | AB43: =AA43*8 -> 0 | AD43: =AC43*8 -> 0 | AE43: 50 | AF43: =AE43*8 -> 400 | AG43: 44 | AH43: =AG43*8 -> 352 | AI43: =AG43*4 -> 176 | AJ43: 60 | AK43: =AJ43*8 -> 480 | AL43: =AJ43*4 -> 240 | AP43: =E43+AM43+AJ43+AG43+AE43+AC43+AA43+Y43+T43+O43+J43 -> 154 | AQ43: =SUM(F43,G43,H43,I43,K43,L43,M43,N43,P43,Q43,R43,S43,U43,V43,W43,X43,Z43,AB43,AD43,AF43,AH43,AI43,AK43,AL43,AN43,AO43) -> 1648
B44: Belgaum | C44: 42 | D44: KHPS Chikkaldinni | E44: 12 | F44: =E44*1 -> 12 | G44: =E44*1 -> 12 | H44: =E44*1 -> 12 | I44: =E44*1 -> 12 | J44: 17 | K44: =J44*1 -> 17 | L44: =J44*1 -> 17 | M44: =J44*1 -> 17 | N44: =J44*1 -> 17 | O44: 16 | P44: =O44*1 -> 16 | Q44: =O44*1 -> 16 | R44: =O44*1 -> 16 | S44: =O44*1 -> 16 | T44: 18 | U44: =T44*1 -> 18 | V44: =U44*1 -> 18 | W44: =V44*1 -> 18 | X44: =W44*1 -> 18 | Y44: 15 | Z44: =Y44*8 -> 120 | AA44: 36 | AB44: =AA44*8 -> 288 | AC44: 21 | AD44: =AC44*8 -> 168 | AE44: 21 | AF44: =AE44*8 -> 168 | AH44: =AG44*8 -> 0 | AI44: =AG44*4 -> 0 | AK44: =AJ44*8 -> 0 | AL44: =AJ44*4 -> 0 | AP44: =E44+AM44+AJ44+AG44+AE44+AC44+AA44+Y44+T44+O44+J44 -> 156 | AQ44: =SUM(F44,G44,H44,I44,K44,L44,M44,N44,P44,Q44,R44,S44,U44,V44,W44,X44,Z44,AB44,AD44,AF44,AH44,AI44,AK44,AL44,AN44,AO44) -> 996
B45: Belgaum | C45: 43 | D45: khps Suttagatti | E45: 34 | F45: =E45*1 -> 34 | G45: =E45*1 -> 34 | H45: =E45*1 -> 34 | I45: =E45*1 -> 34 | J45: 24 | K45: =J45*1 -> 24 | L45: =J45*1 -> 24 | M45: =J45*1 -> 24 | N45: =J45*1 -> 24 | O45: 25 | P45: =O45*1 -> 25 | Q45: =O45*1 -> 25 | R45: =O45*1 -> 25 | S45: =O45*1 -> 25 | T45: 26 | U45: =T45*1 -> 26 | V45: =U45*1 -> 26 | W45: =V45*1 -> 26 | X45: =W45*1 -> 26 | Y45: 24 | Z45: =Y45*8 -> 192 | AA45: 33 | AB45: =AA45*8 -> 264 | AC45: 18 | AD45: =AC45*8 -> 144 | AE45: 25 | AF45: =AE45*8 -> 200 | AH45: =AG45*8 -> 0 | AI45: =AG45*4 -> 0 | AK45: =AJ45*8 -> 0 | AL45: =AJ45*4 -> 0 | AP45: =E45+AM45+AJ45+AG45+AE45+AC45+AA45+Y45+T45+O45+J45 -> 209 | AQ45: =SUM(F45,G45,H45,I45,K45,L45,M45,N45,P45,Q45,R45,S45,U45,V45,W45,X45,Z45,AB45,AD45,AF45,AH45,AI45,AK45,AL45,AN45,AO45) -> 1236
B46: Belgaum | C46: 44 | D46: KHPS Bolashyantti | E46: 15 | F46: =E46*1 -> 15 | G46: =E46*1 -> 15 | H46: =E46*1 -> 15 | I46: =E46*1 -> 15 | J46: 19 | K46: =J46*1 -> 19 | L46: =J46*1 -> 19 | M46: =J46*1 -> 19 | N46: =J46*1 -> 19 | O46: 14 | P46: =O46*1 -> 14 | Q46: =O46*1 -> 14 | R46: =O46*1 -> 14 | S46: =O46*1 -> 14 | T46: 15 | U46: =T46*1 -> 15 | V46: =U46*1 -> 15 | W46: =V46*1 -> 15 | X46: =W46*1 -> 15 | Y46: 14 | Z46: =Y46*8 -> 112 | AA46: 13 | AB46: =AA46*8 -> 104 | AC46: 18 | AD46: =AC46*8 -> 144 | AF46: =AE46*8 -> 0 | AH46: =AG46*8 -> 0 | AI46: =AG46*4 -> 0 | AK46: =AJ46*8 -> 0 | AL46: =AJ46*4 -> 0 | AP46: =E46+AM46+AJ46+AG46+AE46+AC46+AA46+Y46+T46+O46+J46 -> 108 | AQ46: =SUM(F46,G46,H46,I46,K46,L46,M46,N46,P46,Q46,R46,S46,U46,V46,W46,X46,Z46,AB46,AD46,AF46,AH46,AI46,AK46,AL46,AN46,AO46) -> 612
B47: Belgaum | C47: 45 | D47: KHPS Katabali | E47: 19 | F47: =E47*1 -> 19 | G47: =E47*1 -> 19 | H47: =E47*1 -> 19 | I47: =E47*1 -> 19 | J47: 22 | K47: =J47*1 -> 22 | L47: =J47*1 -> 22 | M47: =J47*1 -> 22 | N47: =J47*1 -> 22 | O47: 28 | P47: =O47*1 -> 28 | Q47: =O47*1 -> 28 | R47: =O47*1 -> 28 | S47: =O47*1 -> 28 | T47: 23 | U47: =T47*1 -> 23 | V47: =U47*1 -> 23 | W47: =V47*1 -> 23 | X47: =W47*1 -> 23 | Z47: =Y47*8 -> 0 | AB47: =AA47*8 -> 0 | AD47: =AC47*8 -> 0 | AF47: =AE47*8 -> 0 | AH47: =AG47*8 -> 0 | AI47: =AG47*4 -> 0 | AK47: =AJ47*8 -> 0 | AL47: =AJ47*4 -> 0 | AP47: =E47+AM47+AJ47+AG47+AE47+AC47+AA47+Y47+T47+O47+J47 -> 92 | AQ47: =SUM(F47,G47,H47,I47,K47,L47,M47,N47,P47,Q47,R47,S47,U47,V47,W47,X47,Z47,AB47,AD47,AF47,AH47,AI47,AK47,AL47,AN47,AO47) -> 368
B48: Belgaum | C48: 46 | D48: KHPS Malatti | E48: 7 | F48: =E48*1 -> 7 | G48: =E48*1 -> 7 | H48: =E48*1 -> 7 | I48: =E48*1 -> 7 | J48: 6 | K48: =J48*1 -> 6 | L48: =J48*1 -> 6 | M48: =J48*1 -> 6 | N48: =J48*1 -> 6 | O48: 11 | P48: =O48*1 -> 11 | Q48: =O48*1 -> 11 | R48: =O48*1 -> 11 | S48: =O48*1 -> 11 | T48: 11 | U48: =T48*1 -> 11 | V48: =U48*1 -> 11 | W48: =V48*1 -> 11 | X48: =W48*1 -> 11 | Y48: 7 | Z48: =Y48*8 -> 56 | AB48: =AA48*8 -> 0 | AD48: =AC48*8 -> 0 | AF48: =AE48*8 -> 0 | AH48: =AG48*8 -> 0 | AI48: =AG48*4 -> 0 | AK48: =AJ48*8 -> 0 | AL48: =AJ48*4 -> 0 | AP48: =E48+AM48+AJ48+AG48+AE48+AC48+AA48+Y48+T48+O48+J48 -> 42 | AQ48: =SUM(F48,G48,H48,I48,K48,L48,M48,N48,P48,Q48,R48,S48,U48,V48,W48,X48,Z48,AB48,AD48,AF48,AH48,AI48,AK48,AL48,AN48,AO48) -> 196
B49: Belgaum | C49: 47 | D49: KHPS Hanchinal | F49: =E49*1 -> 0 | G49: =E49*1 -> 0 | H49: =E49*1 -> 0 | I49: =E49*1 -> 0 | K49: =J49*1 -> 0 | L49: =J49*1 -> 0 | M49: =J49*1 -> 0 | N49: =J49*1 -> 0 | P49: =O49*1 -> 0 | Q49: =O49*1 -> 0 | R49: =O49*1 -> 0 | S49: =O49*1 -> 0 | T49: 15 | U49: =T49*1 -> 15 | V49: =U49*1 -> 15 | W49: =V49*1 -> 15 | X49: =W49*1 -> 15 | Y49: 23 | Z49: =Y49*8 -> 184 | AA49: 29 | AB49: =AA49*8 -> 232 | AC49: 31 | AD49: =AC49*8 -> 248 | AE49: 24 | AF49: =AE49*8 -> 192 | AH49: =AG49*8 -> 0 | AI49: =AG49*4 -> 0 | AK49: =AJ49*8 -> 0 | AL49: =AJ49*4 -> 0 | AP49: =E49+AM49+AJ49+AG49+AE49+AC49+AA49+Y49+T49+O49+J49 -> 122 | AQ49: =SUM(F49,G49,H49,I49,K49,L49,M49,N49,P49,Q49,R49,S49,U49,V49,W49,X49,Z49,AB49,AD49,AF49,AH49,AI49,AK49,AL49,AN49,AO49) -> 916
B50: Belgaum | C50: 48 | D50: GHS Arjunwad | F50: =E50*1 -> 0 | G50: =E50*1 -> 0 | H50: =E50*1 -> 0 | I50: =E50*1 -> 0 | K50: =J50*1 -> 0 | L50: =J50*1 -> 0 | M50: =J50*1 -> 0 | N50: =J50*1 -> 0 | P50: =O50*1 -> 0 | Q50: =O50*1 -> 0 | R50: =O50*1 -> 0 | S50: =O50*1 -> 0 | U50: =T50*1 -> 0 | V50: =U50*1 -> 0 | W50: =V50*1 -> 0 | X50: =W50*1 -> 0 | Z50: =Y50*8 -> 0 | AB50: =AA50*8 -> 0 | AD50: =AC50*8 -> 0 | AE50: 41 | AF50: =AE50*8 -> 328 | AG50: 67 | AH50: =AG50*8 -> 536 | AI50: =AG50*4 -> 268 | AJ50: 58 | AK50: =AJ50*8 -> 464 | AL50: =AJ50*4 -> 232 | AP50: =E50+AM50+AJ50+AG50+AE50+AC50+AA50+Y50+T50+O50+J50 -> 166 | AQ50: =SUM(F50,G50,H50,I50,K50,L50,M50,N50,P50,Q50,R50,S50,U50,V50,W50,X50,Z50,AB50,AD50,AF50,AH50,AI50,AK50,AL50,AN50,AO50) -> 1828
B51: Belgaum | C51: 49 | D51: KHPS Kurniwadi | E51: 17 | F51: =E51*1 -> 17 | G51: =E51*1 -> 17 | H51: =E51*1 -> 17 | I51: =E51*1 -> 17 | J51: 20 | K51: =J51*1 -> 20 | L51: =J51*1 -> 20 | M51: =J51*1 -> 20 | N51: =J51*1 -> 20 | O51: 23 | P51: =O51*1 -> 23 | Q51: =O51*1 -> 23 | R51: =O51*1 -> 23 | S51: =O51*1 -> 23 | T51: 20 | U51: =T51*1 -> 20 | V51: =U51*1 -> 20 | W51: =V51*1 -> 20 | X51: =W51*1 -> 20 | Y51: 21 | Z51: =Y51*8 -> 168 | AA51: 20 | AB51: =AA51*8 -> 160 | AC51: 23 | AD51: =AC51*8 -> 184 | AE51: 23 | AF51: =AE51*8 -> 184 | AH51: =AG51*8 -> 0 | AI51: =AG51*4 -> 0 | AK51: =AJ51*8 -> 0 | AL51: =AJ51*4 -> 0 | AP51: =E51+AM51+AJ51+AG51+AE51+AC51+AA51+Y51+T51+O51+J51 -> 167 | AQ51: =SUM(F51,G51,H51,I51,K51,L51,M51,N51,P51,Q51,R51,S51,U51,V51,W51,X51,Z51,AB51,AD51,AF51,AH51,AI51,AK51,AL51,AN51,AO51) -> 1016
B52: Belgaum | C52: 50 | D52: KHPS Beniwad | E52: 5 | F52: =E52*1 -> 5 | G52: =E52*1 -> 5 | H52: =E52*1 -> 5 | I52: =E52*1 -> 5 | J52: 18 | K52: =J52*1 -> 18 | L52: =J52*1 -> 18 | M52: =J52*1 -> 18 | N52: =J52*1 -> 18 | O52: 10 | P52: =O52*1 -> 10 | Q52: =O52*1 -> 10 | R52: =O52*1 -> 10 | S52: =O52*1 -> 10 | T52: 16 | U52: =T52*1 -> 16 | V52: =U52*1 -> 16 | W52: =V52*1 -> 16 | X52: =W52*1 -> 16 | Y52: 19 | Z52: =Y52*8 -> 152 | AA52: 39 | AB52: =AA52*8 -> 312 | AC52: 23 | AD52: =AC52*8 -> 184 | AE52: 74 | AF52: =AE52*8 -> 592 | AG52: 98 | AH52: =AG52*8 -> 784 | AI52: =AG52*4 -> 392 | AJ52: 78 | AK52: =AJ52*8 -> 624 | AL52: =AJ52*4 -> 312 | AP52: =E52+AM52+AJ52+AG52+AE52+AC52+AA52+Y52+T52+O52+J52 -> 380 | AQ52: =SUM(F52,G52,H52,I52,K52,L52,M52,N52,P52,Q52,R52,S52,U52,V52,W52,X52,Z52,AB52,AD52,AF52,AH52,AI52,AK52,AL52,AN52,AO52) -> 3548
B53: Belgaum | C53: 51 | D53: KHPS Jinaral | E53: 12 | F53: =E53*1 -> 12 | G53: =E53*1 -> 12 | H53: =E53*1 -> 12 | I53: =E53*1 -> 12 | J53: 15 | K53: =J53*1 -> 15 | L53: =J53*1 -> 15 | M53: =J53*1 -> 15 | N53: =J53*1 -> 15 | O53: 8 | P53: =O53*1 -> 8 | Q53: =O53*1 -> 8 | R53: =O53*1 -> 8 | S53: =O53*1 -> 8 | T53: 18 | U53: =T53*1 -> 18 | V53: =U53*1 -> 18 | W53: =V53*1 -> 18 | X53: =W53*1 -> 18 | Y53: 16 | Z53: =Y53*8 -> 128 | AA53: 18 | AB53: =AA53*8 -> 144 | AC53: 22 | AD53: =AC53*8 -> 176 | AF53: =AE53*8 -> 0 | AH53: =AG53*8 -> 0 | AI53: =AG53*4 -> 0 | AK53: =AJ53*8 -> 0 | AL53: =AJ53*4 -> 0 | AP53: =E53+AM53+AJ53+AG53+AE53+AC53+AA53+Y53+T53+O53+J53 -> 109 | AQ53: =SUM(F53,G53,H53,I53,K53,L53,M53,N53,P53,Q53,R53,S53,U53,V53,W53,X53,Z53,AB53,AD53,AF53,AH53,AI53,AK53,AL53,AN53,AO53) -> 660
B54: Hubballi | C54: 52 | D54: GHPS Nigadi | E54: 14 | F54: =E54*1 -> 14 | G54: =E54*1 -> 14 | H54: =E54*1 -> 14 | I54: =E54*1 -> 14 | J54: 21 | K54: =J54*1 -> 21 | L54: =J54*1 -> 21 | M54: =J54*1 -> 21 | N54: =J54*1 -> 21 | O54: 17 | P54: =O54*1 -> 17 | Q54: =O54*1 -> 17 | R54: =O54*1 -> 17 | S54: =O54*1 -> 17 | T54: 19 | U54: =T54*1 -> 19 | V54: =U54*1 -> 19 | W54: =V54*1 -> 19 | X54: =W54*1 -> 19 | Y54: 24 | Z54: =Y54*8 -> 192 | AA54: 17 | AB54: =AA54*8 -> 136 | AC54: 23 | AD54: =AC54*8 -> 184 | AE54: 24 | AF54: =AE54*8 -> 192 | AH54: =AG54*8 -> 0 | AI54: =AG54*4 -> 0 | AK54: =AJ54*8 -> 0 | AL54: =AJ54*4 -> 0 | AP54: =E54+AM54+AJ54+AG54+AE54+AC54+AA54+Y54+T54+O54+J54 -> 159 | AQ54: =SUM(F54,G54,H54,I54,K54,L54,M54,N54,P54,Q54,R54,S54,U54,V54,W54,X54,Z54,AB54,AD54,AF54,AH54,AI54,AK54,AL54,AN54,AO54) -> 988
B55: Hubballi | C55: 53 | D55: GHPS Sattur | E55: 31 | F55: =E55*1 -> 31 | G55: =E55*1 -> 31 | H55: =E55*1 -> 31 | I55: =E55*1 -> 31 | J55: 43 | K55: =J55*1 -> 43 | L55: =J55*1 -> 43 | M55: =J55*1 -> 43 | N55: =J55*1 -> 43 | O55: 35 | P55: =O55*1 -> 35 | Q55: =O55*1 -> 35 | R55: =O55*1 -> 35 | S55: =O55*1 -> 35 | T55: 40 | U55: =T55*1 -> 40 | V55: =U55*1 -> 40 | W55: =V55*1 -> 40 | X55: =W55*1 -> 40 | Y55: 50 | Z55: =Y55*8 -> 400 | AA55: 67 | AB55: =AA55*8 -> 536 | AC55: 47 | AD55: =AC55*8 -> 376 | AE55: 45 | AF55: =AE55*8 -> 360 | AH55: =AG55*8 -> 0 | AI55: =AG55*4 -> 0 | AK55: =AJ55*8 -> 0 | AL55: =AJ55*4 -> 0 | AP55: =E55+AM55+AJ55+AG55+AE55+AC55+AA55+Y55+T55+O55+J55 -> 358 | AQ55: =SUM(F55,G55,H55,I55,K55,L55,M55,N55,P55,Q55,R55,S55,U55,V55,W55,X55,Z55,AB55,AD55,AF55,AH55,AI55,AK55,AL55,AN55,AO55) -> 2268
B56: Belgaum | C56: 54 | D56: KHPBS Yellimunnolli | E56: 2 | F56: =E56*1 -> 2 | G56: =E56*1 -> 2 | H56: =E56*1 -> 2 | I56: =E56*1 -> 2 | J56: 3 | K56: =J56*1 -> 3 | L56: =J56*1 -> 3 | M56: =J56*1 -> 3 | N56: =J56*1 -> 3 | O56: 7 | P56: =O56*1 -> 7 | Q56: =O56*1 -> 7 | R56: =O56*1 -> 7 | S56: =O56*1 -> 7 | T56: 3 | U56: =T56*1 -> 3 | V56: =U56*1 -> 3 | W56: =V56*1 -> 3 | X56: =W56*1 -> 3 | Y56: 9 | Z56: =Y56*8 -> 72 | AA56: 5 | AB56: =AA56*8 -> 40 | AC56: 10 | AD56: =AC56*8 -> 80 | AF56: =AE56*8 -> 0 | AH56: =AG56*8 -> 0 | AI56: =AG56*4 -> 0 | AK56: =AJ56*8 -> 0 | AL56: =AJ56*4 -> 0 | AP56: =E56+AM56+AJ56+AG56+AE56+AC56+AA56+Y56+T56+O56+J56 -> 39 | AQ56: =SUM(F56,G56,H56,I56,K56,L56,M56,N56,P56,Q56,R56,S56,U56,V56,W56,X56,Z56,AB56,AD56,AF56,AH56,AI56,AK56,AL56,AN56,AO56) -> 252
B57: Belgaum | C57: 55 | D57: KHPGS Yellimunnolli | E57: 1 | F57: =E57*1 -> 1 | G57: =E57*1 -> 1 | H57: =E57*1 -> 1 | I57: =E57*1 -> 1 | J57: 4 | K57: =J57*1 -> 4 | L57: =J57*1 -> 4 | M57: =J57*1 -> 4 | N57: =J57*1 -> 4 | O57: 12 | P57: =O57*1 -> 12 | Q57: =O57*1 -> 12 | R57: =O57*1 -> 12 | S57: =O57*1 -> 12 | T57: 16 | U57: =T57*1 -> 16 | V57: =U57*1 -> 16 | W57: =V57*1 -> 16 | X57: =W57*1 -> 16 | Y57: 9 | Z57: =Y57*8 -> 72 | AA57: 18 | AB57: =AA57*8 -> 144 | AC57: 13 | AD57: =AC57*8 -> 104 | AF57: =AE57*8 -> 0 | AH57: =AG57*8 -> 0 | AI57: =AG57*4 -> 0 | AK57: =AJ57*8 -> 0 | AL57: =AJ57*4 -> 0 | AP57: =E57+AM57+AJ57+AG57+AE57+AC57+AA57+Y57+T57+O57+J57 -> 73 | AQ57: =SUM(F57,G57,H57,I57,K57,L57,M57,N57,P57,Q57,R57,S57,U57,V57,W57,X57,Z57,AB57,AD57,AF57,AH57,AI57,AK57,AL57,AN57,AO57) -> 452
B58: Belgaum | C58: 56 | D58: KHPS Hosaiddalhonda | E58: 5 | F58: =E58*1 -> 5 | G58: =E58*1 -> 5 | H58: =E58*1 -> 5 | I58: =E58*1 -> 5 | J58: 17 | K58: =J58*1 -> 17 | L58: =J58*1 -> 17 | M58: =J58*1 -> 17 | N58: =J58*1 -> 17 | O58: 10 | P58: =O58*1 -> 10 | Q58: =O58*1 -> 10 | R58: =O58*1 -> 10 | S58: =O58*1 -> 10 | T58: 19 | U58: =T58*1 -> 19 | V58: =U58*1 -> 19 | W58: =V58*1 -> 19 | X58: =W58*1 -> 19 | Y58: 20 | Z58: =Y58*8 -> 160 | AA58: 33 | AB58: =AA58*8 -> 264 | AC58: 31 | AD58: =AC58*8 -> 248 | AF58: =AE58*8 -> 0 | AH58: =AG58*8 -> 0 | AI58: =AG58*4 -> 0 | AK58: =AJ58*8 -> 0 | AL58: =AJ58*4 -> 0 | AP58: =E58+AM58+AJ58+AG58+AE58+AC58+AA58+Y58+T58+O58+J58 -> 135 | AQ58: =SUM(F58,G58,H58,I58,K58,L58,M58,N58,P58,Q58,R58,S58,U58,V58,W58,X58,Z58,AB58,AD58,AF58,AH58,AI58,AK58,AL58,AN58,AO58) -> 876
B59: Belgaum | C59: 57 | D59: KHPS Rajakatti | E59: 45 | F59: =E59*1 -> 45 | G59: =E59*1 -> 45 | H59: =E59*1 -> 45 | I59: =E59*1 -> 45 | J59: 40 | K59: =J59*1 -> 40 | L59: =J59*1 -> 40 | M59: =J59*1 -> 40 | N59: =J59*1 -> 40 | O59: 30 | P59: =O59*1 -> 30 | Q59: =O59*1 -> 30 | R59: =O59*1 -> 30 | S59: =O59*1 -> 30 | T59: 40 | U59: =T59*1 -> 40 | V59: =U59*1 -> 40 | W59: =V59*1 -> 40 | X59: =W59*1 -> 40 | Y59: 40 | Z59: =Y59*8 -> 320 | AA59: 45 | AB59: =AA59*8 -> 360 | AC59: 40 | AD59: =AC59*8 -> 320 | AF59: =AE59*8 -> 0 | AH59: =AG59*8 -> 0 | AI59: =AG59*4 -> 0 | AK59: =AJ59*8 -> 0 | AL59: =AJ59*4 -> 0 | AP59: =E59+AM59+AJ59+AG59+AE59+AC59+AA59+Y59+T59+O59+J59 -> 280 | AQ59: =SUM(F59,G59,H59,I59,K59,L59,M59,N59,P59,Q59,R59,S59,U59,V59,W59,X59,Z59,AB59,AD59,AF59,AH59,AI59,AK59,AL59,AN59,AO59) -> 1620
B60: Hubballi | C60: 58 | D60: GHPS Gandinagar | E60: 24 | F60: =E60*1 -> 24 | G60: =E60*1 -> 24 | H60: =E60*1 -> 24 | I60: =E60*1 -> 24 | J60: 34 | K60: =J60*1 -> 34 | L60: =J60*1 -> 34 | M60: =J60*1 -> 34 | N60: =J60*1 -> 34 | O60: 35 | P60: =O60*1 -> 35 | Q60: =O60*1 -> 35 | R60: =O60*1 -> 35 | S60: =O60*1 -> 35 | T60: 34 | U60: =T60*1 -> 34 | V60: =U60*1 -> 34 | W60: =V60*1 -> 34 | X60: =W60*1 -> 34 | Y60: 34 | Z60: =Y60*8 -> 272 | AA60: 51 | AB60: =AA60*8 -> 408 | AC60: 33 | AD60: =AC60*8 -> 264 | AE60: 49 | AF60: =AE60*8 -> 392 | AH60: =AG60*8 -> 0 | AI60: =AG60*4 -> 0 | AK60: =AJ60*8 -> 0 | AL60: =AJ60*4 -> 0 | AP60: =E60+AM60+AJ60+AG60+AE60+AC60+AA60+Y60+T60+O60+J60 -> 294 | AQ60: =SUM(F60,G60,H60,I60,K60,L60,M60,N60,P60,Q60,R60,S60,U60,V60,W60,X60,Z60,AB60,AD60,AF60,AH60,AI60,AK60,AL60,AN60,AO60) -> 1844
B61: Hubballi | C61: 59 | D61: KHPS Unkal | E61: 39 | F61: =E61*1 -> 39 | G61: =E61*1 -> 39 | H61: =E61*1 -> 39 | I61: =E61*1 -> 39 | J61: 47 | K61: =J61*1 -> 47 | L61: =J61*1 -> 47 | M61: =J61*1 -> 47 | N61: =J61*1 -> 47 | O61: 56 | P61: =O61*1 -> 56 | Q61: =O61*1 -> 56 | R61: =O61*1 -> 56 | S61: =O61*1 -> 56 | T61: 66 | U61: =T61*1 -> 66 | V61: =U61*1 -> 66 | W61: =V61*1 -> 66 | X61: =W61*1 -> 66 | Y61: 66 | Z61: =Y61*8 -> 528 | AA61: 98 | AB61: =AA61*8 -> 784 | AC61: 52 | AD61: =AC61*8 -> 416 | AF61: =AE61*8 -> 0 | AH61: =AG61*8 -> 0 | AI61: =AG61*4 -> 0 | AK61: =AJ61*8 -> 0 | AL61: =AJ61*4 -> 0 | AP61: =E61+AM61+AJ61+AG61+AE61+AC61+AA61+Y61+T61+O61+J61 -> 424 | AQ61: =SUM(F61,G61,H61,I61,K61,L61,M61,N61,P61,Q61,R61,S61,U61,V61,W61,X61,Z61,AB61,AD61,AF61,AH61,AI61,AK61,AL61,AN61,AO61) -> 2560
B62: Belgaum | C62: 60 | D62: KHPS Bhutramatti | E62: 20 | F62: =E62*1 -> 20 | G62: =E62*1 -> 20 | H62: =E62*1 -> 20 | I62: =E62*1 -> 20 | J62: 48 | K62: =J62*1 -> 48 | L62: =J62*1 -> 48 | M62: =J62*1 -> 48 | N62: =J62*1 -> 48 | O62: 49 | P62: =O62*1 -> 49 | Q62: =O62*1 -> 49 | R62: =O62*1 -> 49 | S62: =O62*1 -> 49 | T62: 44 | U62: =T62*1 -> 44 | V62: =U62*1 -> 44 | W62: =V62*1 -> 44 | X62: =W62*1 -> 44 | Y62: 44 | Z62: =Y62*8 -> 352 | AA62: 64 | AB62: =AA62*8 -> 512 | AC62: 68 | AD62: =AC62*8 -> 544 | AE62: 36 | AF62: =AE62*8 -> 288 | AG62: 44 | AH62: =AG62*8 -> 352 | AI62: =AG62*4 -> 176 | AJ62: 31 | AK62: =AJ62*8 -> 248 | AL62: =AJ62*4 -> 124 | AP62: =E62+AM62+AJ62+AG62+AE62+AC62+AA62+Y62+T62+O62+J62 -> 448 | AQ62: =SUM(F62,G62,H62,I62,K62,L62,M62,N62,P62,Q62,R62,S62,U62,V62,W62,X62,Z62,AB62,AD62,AF62,AH62,AI62,AK62,AL62,AN62,AO62) -> 3240
B63: Belgaum | C63: 61 | D63: KGS Kochari | E63: 22 | F63: =E63*1 -> 22 | G63: =E63*1 -> 22 | H63: =E63*1 -> 22 | I63: =E63*1 -> 22 | J63: 14 | K63: =J63*1 -> 14 | L63: =J63*1 -> 14 | M63: =J63*1 -> 14 | N63: =J63*1 -> 14 | O63: 14 | P63: =O63*1 -> 14 | Q63: =O63*1 -> 14 | R63: =O63*1 -> 14 | S63: =O63*1 -> 14 | T63: 16 | U63: =T63*1 -> 16 | V63: =U63*1 -> 16 | W63: =V63*1 -> 16 | X63: =W63*1 -> 16 | Y63: 23 | Z63: =Y63*8 -> 184 | AA63: 26 | AB63: =AA63*8 -> 208 | AC63: 24 | AD63: =AC63*8 -> 192 | AF63: =AE63*8 -> 0 | AH63: =AG63*8 -> 0 | AI63: =AG63*4 -> 0 | AK63: =AJ63*8 -> 0 | AL63: =AJ63*4 -> 0 | AP63: =E63+AM63+AJ63+AG63+AE63+AC63+AA63+Y63+T63+O63+J63 -> 139 | AQ63: =SUM(F63,G63,H63,I63,K63,L63,M63,N63,P63,Q63,R63,S63,U63,V63,W63,X63,Z63,AB63,AD63,AF63,AH63,AI63,AK63,AL63,AN63,AO63) -> 848
B64: Belgaum | C64: 62 | D64: KBS Kochari | E64: 12 | F64: =E64*1 -> 12 | G64: =E64*1 -> 12 | H64: =E64*1 -> 12 | I64: =E64*1 -> 12 | J64: 14 | K64: =J64*1 -> 14 | L64: =J64*1 -> 14 | M64: =J64*1 -> 14 | N64: =J64*1 -> 14 | O64: 8 | P64: =O64*1 -> 8 | Q64: =O64*1 -> 8 | R64: =O64*1 -> 8 | S64: =O64*1 -> 8 | T64: 12 | U64: =T64*1 -> 12 | V64: =U64*1 -> 12 | W64: =V64*1 -> 12 | X64: =W64*1 -> 12 | Y64: 16 | Z64: =Y64*8 -> 128 | AA64: 18 | AB64: =AA64*8 -> 144 | AC64: 22 | AD64: =AC64*8 -> 176 | AF64: =AE64*8 -> 0 | AH64: =AG64*8 -> 0 | AI64: =AG64*4 -> 0 | AK64: =AJ64*8 -> 0 | AL64: =AJ64*4 -> 0 | AP64: =E64+AM64+AJ64+AG64+AE64+AC64+AA64+Y64+T64+O64+J64 -> 102 | AQ64: =SUM(F64,G64,H64,I64,K64,L64,M64,N64,P64,Q64,R64,S64,U64,V64,W64,X64,Z64,AB64,AD64,AF64,AH64,AI64,AK64,AL64,AN64,AO64) -> 632
B65: Belgaum | C65: 63 | D65: KHPS Chikkalgud | E65: 16 | F65: =E65*1 -> 16 | G65: =E65*1 -> 16 | H65: =E65*1 -> 16 | I65: =E65*1 -> 16 | J65: 19 | K65: =J65*1 -> 19 | L65: =J65*1 -> 19 | M65: =J65*1 -> 19 | N65: =J65*1 -> 19 | O65: 11 | P65: =O65*1 -> 11 | Q65: =O65*1 -> 11 | R65: =O65*1 -> 11 | S65: =O65*1 -> 11 | T65: 21 | U65: =T65*1 -> 21 | V65: =U65*1 -> 21 | W65: =V65*1 -> 21 | X65: =W65*1 -> 21 | Y65: 30 | Z65: =Y65*8 -> 240 | AA65: 27 | AB65: =AA65*8 -> 216 | AC65: 32 | AD65: =AC65*8 -> 256 | AF65: =AE65*8 -> 0 | AH65: =AG65*8 -> 0 | AI65: =AG65*4 -> 0 | AK65: =AJ65*8 -> 0 | AL65: =AJ65*4 -> 0 | AP65: =E65+AM65+AJ65+AG65+AE65+AC65+AA65+Y65+T65+O65+J65 -> 156 | AQ65: =SUM(F65,G65,H65,I65,K65,L65,M65,N65,P65,Q65,R65,S65,U65,V65,W65,X65,Z65,AB65,AD65,AF65,AH65,AI65,AK65,AL65,AN65,AO65) -> 980
B66: Belgaum | C66: 64 | D66: KHPS Hosa Vantmuri | E66: 30 | F66: =E66*1 -> 30 | G66: =E66*1 -> 30 | H66: =E66*1 -> 30 | I66: =E66*1 -> 30 | J66: 52 | K66: =J66*1 -> 52 | L66: =J66*1 -> 52 | M66: =J66*1 -> 52 | N66: =J66*1 -> 52 | O66: 50 | P66: =O66*1 -> 50 | Q66: =O66*1 -> 50 | R66: =O66*1 -> 50 | S66: =O66*1 -> 50 | T66: 45 | U66: =T66*1 -> 45 | V66: =U66*1 -> 45 | W66: =V66*1 -> 45 | X66: =W66*1 -> 45 | Y66: 50 | Z66: =Y66*8 -> 400 | AA66: 60 | AB66: =AA66*8 -> 480 | AC66: 72 | AD66: =AC66*8 -> 576 | AE66: 40 | AF66: =AE66*8 -> 320 | AG66: 50 | AH66: =AG66*8 -> 400 | AI66: =AG66*4 -> 200 | AJ66: 35 | AK66: =AJ66*8 -> 280 | AL66: =AJ66*4 -> 140 | AP66: =E66+AM66+AJ66+AG66+AE66+AC66+AA66+Y66+T66+O66+J66 -> 484 | AQ66: =SUM(F66,G66,H66,I66,K66,L66,M66,N66,P66,Q66,R66,S66,U66,V66,W66,X66,Z66,AB66,AD66,AF66,AH66,AI66,AK66,AL66,AN66,AO66) -> 3504
B67: Belgaum | C67: 65 | D67: LPS Hossur | E67: 10 | F67: =E67*1 -> 10 | G67: =E67*1 -> 10 | H67: =E67*1 -> 10 | I67: =E67*1 -> 10 | J67: 7 | K67: =J67*1 -> 7 | L67: =J67*1 -> 7 | M67: =J67*1 -> 7 | N67: =J67*1 -> 7 | O67: 8 | P67: =O67*1 -> 8 | Q67: =O67*1 -> 8 | R67: =O67*1 -> 8 | S67: =O67*1 -> 8 | T67: 9 | U67: =T67*1 -> 9 | V67: =U67*1 -> 9 | W67: =V67*1 -> 9 | X67: =W67*1 -> 9 | Y67: 4 | Z67: =Y67*8 -> 32 | AB67: =AA67*8 -> 0 | AD67: =AC67*8 -> 0 | AF67: =AE67*8 -> 0 | AH67: =AG67*8 -> 0 | AI67: =AG67*4 -> 0 | AK67: =AJ67*8 -> 0 | AL67: =AJ67*4 -> 0 | AP67: =E67+AM67+AJ67+AG67+AE67+AC67+AA67+Y67+T67+O67+J67 -> 38 | AQ67: =SUM(F67,G67,H67,I67,K67,L67,M67,N67,P67,Q67,R67,S67,U67,V67,W67,X67,Z67,AB67,AD67,AF67,AH67,AI67,AK67,AL67,AN67,AO67) -> 168
B68: Belgaum | C68: 66 | D68: KHPS Chikkalguda | F68: =E68*1 -> 0 | G68: =E68*1 -> 0 | H68: =E68*1 -> 0 | I68: =E68*1 -> 0 | K68: =J68*1 -> 0 | L68: =J68*1 -> 0 | M68: =J68*1 -> 0 | N68: =J68*1 -> 0 | P68: =O68*1 -> 0 | Q68: =O68*1 -> 0 | R68: =O68*1 -> 0 | S68: =O68*1 -> 0 | U68: =T68*1 -> 0 | V68: =U68*1 -> 0 | W68: =V68*1 -> 0 | X68: =W68*1 -> 0 | Z68: =Y68*8 -> 0 | AB68: =AA68*8 -> 0 | AD68: =AC68*8 -> 0 | AF68: =AE68*8 -> 0 | AH68: =AG68*8 -> 0 | AI68: =AG68*4 -> 0 | AK68: =AJ68*8 -> 0 | AL68: =AJ68*4 -> 0 | AP68: =E68+AM68+AJ68+AG68+AE68+AC68+AA68+Y68+T68+O68+J68 -> 0 | AQ68: =SUM(F68,G68,H68,I68,K68,L68,M68,N68,P68,Q68,R68,S68,U68,V68,W68,X68,Z68,AB68,AD68,AF68,AH68,AI68,AK68,AL68,AN68,AO68) -> 0
B69: Belgaum | C69: 67 | D69: GHS Ammanagi | F69: =E69*1 -> 0 | G69: =E69*1 -> 0 | H69: =E69*1 -> 0 | I69: =E69*1 -> 0 | K69: =J69*1 -> 0 | L69: =J69*1 -> 0 | M69: =J69*1 -> 0 | N69: =J69*1 -> 0 | P69: =O69*1 -> 0 | Q69: =O69*1 -> 0 | R69: =O69*1 -> 0 | S69: =O69*1 -> 0 | U69: =T69*1 -> 0 | V69: =U69*1 -> 0 | W69: =V69*1 -> 0 | X69: =W69*1 -> 0 | Z69: =Y69*8 -> 0 | AB69: =AA69*8 -> 0 | AD69: =AC69*8 -> 0 | AF69: =AE69*8 -> 0 | AH69: =AG69*8 -> 0 | AI69: =AG69*4 -> 0 | AK69: =AJ69*8 -> 0 | AL69: =AJ69*4 -> 0 | AP69: =E69+AM69+AJ69+AG69+AE69+AC69+AA69+Y69+T69+O69+J69 -> 0 | AQ69: =SUM(F69,G69,H69,I69,K69,L69,M69,N69,P69,Q69,R69,S69,U69,V69,W69,X69,Z69,AB69,AD69,AF69,AH69,AI69,AK69,AL69,AN69,AO69) -> 0
B70: Belgaum | C70: 68 | D70: KHPS Arjunwad | E70: 20 | F70: =E70*1 -> 20 | G70: =E70*1 -> 20 | H70: =E70*1 -> 20 | I70: =E70*1 -> 20 | J70: 24 | K70: =J70*1 -> 24 | L70: =J70*1 -> 24 | M70: =J70*1 -> 24 | N70: =J70*1 -> 24 | O70: 34 | P70: =O70*1 -> 34 | Q70: =O70*1 -> 34 | R70: =O70*1 -> 34 | S70: =O70*1 -> 34 | T70: 33 | U70: =T70*1 -> 33 | V70: =U70*1 -> 33 | W70: =V70*1 -> 33 | X70: =W70*1 -> 33 | Y70: 40 | Z70: =Y70*8 -> 320 | AA70: 37 | AB70: =AA70*8 -> 296 | AC70: 27 | AD70: =AC70*8 -> 216 | AF70: =AE70*8 -> 0 | AH70: =AG70*8 -> 0 | AI70: =AG70*4 -> 0 | AK70: =AJ70*8 -> 0 | AL70: =AJ70*4 -> 0 | AP70: =E70+AM70+AJ70+AG70+AE70+AC70+AA70+Y70+T70+O70+J70 -> 215 | AQ70: =SUM(F70,G70,H70,I70,K70,L70,M70,N70,P70,Q70,R70,S70,U70,V70,W70,X70,Z70,AB70,AD70,AF70,AH70,AI70,AK70,AL70,AN70,AO70) -> 1276
B71: Belgaum | C71: 69 | D71: KHPS Konnannkeri | E71: 15 | F71: =E71*1 -> 15 | G71: =E71*1 -> 15 | H71: =E71*1 -> 15 | I71: =E71*1 -> 15 | J71: 18 | K71: =J71*1 -> 18 | L71: =J71*1 -> 18 | M71: =J71*1 -> 18 | N71: =J71*1 -> 18 | O71: 28 | P71: =O71*1 -> 28 | Q71: =O71*1 -> 28 | R71: =O71*1 -> 28 | S71: =O71*1 -> 28 | T71: 23 | U71: =T71*1 -> 23 | V71: =U71*1 -> 23 | W71: =V71*1 -> 23 | X71: =W71*1 -> 23 | Z71: =Y71*8 -> 0 | AB71: =AA71*8 -> 0 | AD71: =AC71*8 -> 0 | AF71: =AE71*8 -> 0 | AH71: =AG71*8 -> 0 | AI71: =AG71*4 -> 0 | AK71: =AJ71*8 -> 0 | AL71: =AJ71*4 -> 0 | AP71: =E71+AM71+AJ71+AG71+AE71+AC71+AA71+Y71+T71+O71+J71 -> 84 | AQ71: =SUM(F71,G71,H71,I71,K71,L71,M71,N71,P71,Q71,R71,S71,U71,V71,W71,X71,Z71,AB71,AD71,AF71,AH71,AI71,AK71,AL71,AN71,AO71) -> 336
B72: Belgaum | C72: 70 | D72: KHPS Shahabandar | E72: 24 | F72: =E72*1 -> 24 | G72: =E72*1 -> 24 | H72: =E72*1 -> 24 | I72: =E72*1 -> 24 | J72: 28 | K72: =J72*1 -> 28 | L72: =J72*1 -> 28 | M72: =J72*1 -> 28 | N72: =J72*1 -> 28 | O72: 30 | P72: =O72*1 -> 30 | Q72: =O72*1 -> 30 | R72: =O72*1 -> 30 | S72: =O72*1 -> 30 | T72: 22 | U72: =T72*1 -> 22 | V72: =U72*1 -> 22 | W72: =V72*1 -> 22 | X72: =W72*1 -> 22 | Y72: 24 | Z72: =Y72*8 -> 192 | AA72: 40 | AB72: =AA72*8 -> 320 | AC72: 35 | AD72: =AC72*8 -> 280 | AE72: 33 | AF72: =AE72*8 -> 264 | AH72: =AG72*8 -> 0 | AI72: =AG72*4 -> 0 | AK72: =AJ72*8 -> 0 | AL72: =AJ72*4 -> 0 | AP72: =E72+AM72+AJ72+AG72+AE72+AC72+AA72+Y72+T72+O72+J72 -> 236 | AQ72: =SUM(F72,G72,H72,I72,K72,L72,M72,N72,P72,Q72,R72,S72,U72,V72,W72,X72,Z72,AB72,AD72,AF72,AH72,AI72,AK72,AL72,AN72,AO72) -> 1472
B73: Belgaum | C73: 71 | D73: Khps Gotur | F73: =E73*1 -> 0 | G73: =E73*1 -> 0 | H73: =E73*1 -> 0 | I73: =E73*1 -> 0 | K73: =J73*1 -> 0 | L73: =J73*1 -> 0 | M73: =J73*1 -> 0 | N73: =J73*1 -> 0 | P73: =O73*1 -> 0 | Q73: =O73*1 -> 0 | R73: =O73*1 -> 0 | S73: =O73*1 -> 0 | T73: 19 | U73: =T73*1 -> 19 | V73: =U73*1 -> 19 | W73: =V73*1 -> 19 | X73: =W73*1 -> 19 | Y73: 30 | Z73: =Y73*8 -> 240 | AA73: 38 | AB73: =AA73*8 -> 304 | AC73: 34 | AD73: =AC73*8 -> 272 | AE73: 30 | AF73: =AE73*8 -> 240 | AH73: =AG73*8 -> 0 | AI73: =AG73*4 -> 0 | AK73: =AJ73*8 -> 0 | AL73: =AJ73*4 -> 0 | AP73: =E73+AM73+AJ73+AG73+AE73+AC73+AA73+Y73+T73+O73+J73 -> 151 | AQ73: =SUM(F73,G73,H73,I73,K73,L73,M73,N73,P73,Q73,R73,S73,U73,V73,W73,X73,Z73,AB73,AD73,AF73,AH73,AI73,AK73,AL73,AN73,AO73) -> 1132
B74: Belgaum | C74: 72 | D74: Khps Kamatanur | E74: 5 | F74: =E74*1 -> 5 | G74: =E74*1 -> 5 | H74: =E74*1 -> 5 | I74: =E74*1 -> 5 | J74: 15 | K74: =J74*1 -> 15 | L74: =J74*1 -> 15 | M74: =J74*1 -> 15 | N74: =J74*1 -> 15 | O74: 23 | P74: =O74*1 -> 23 | Q74: =O74*1 -> 23 | R74: =O74*1 -> 23 | S74: =O74*1 -> 23 | T74: 31 | U74: =T74*1 -> 31 | V74: =U74*1 -> 31 | W74: =V74*1 -> 31 | X74: =W74*1 -> 31 | Y74: 26 | Z74: =Y74*8 -> 208 | AA74: 38 | AB74: =AA74*8 -> 304 | AC74: 35 | AD74: =AC74*8 -> 280 | AE74: 40 | AF74: =AE74*8 -> 320 | AG74: 40 | AH74: =AG74*8 -> 320 | AI74: =AG74*4 -> 160 | AJ74: 19 | AK74: =AJ74*8 -> 152 | AL74: =AJ74*4 -> 76 | AP74: =E74+AM74+AJ74+AG74+AE74+AC74+AA74+Y74+T74+O74+J74 -> 272 | AQ74: =SUM(F74,G74,H74,I74,K74,L74,M74,N74,P74,Q74,R74,S74,U74,V74,W74,X74,Z74,AB74,AD74,AF74,AH74,AI74,AK74,AL74,AN74,AO74) -> 2116
B75: Belgaum | C75: 73 | D75: Khpbs Nidasossi | F75: =E75*1 -> 0 | G75: =E75*1 -> 0 | H75: =E75*1 -> 0 | I75: =E75*1 -> 0 | K75: =J75*1 -> 0 | L75: =J75*1 -> 0 | M75: =J75*1 -> 0 | N75: =J75*1 -> 0 | P75: =O75*1 -> 0 | Q75: =O75*1 -> 0 | R75: =O75*1 -> 0 | S75: =O75*1 -> 0 | T75: 19 | U75: =T75*1 -> 19 | V75: =U75*1 -> 19 | W75: =V75*1 -> 19 | X75: =W75*1 -> 19 | Y75: 22 | Z75: =Y75*8 -> 176 | AA75: 28 | AB75: =AA75*8 -> 224 | AC75: 28 | AD75: =AC75*8 -> 224 | AE75: 39 | AF75: =AE75*8 -> 312 | AH75: =AG75*8 -> 0 | AI75: =AG75*4 -> 0 | AK75: =AJ75*8 -> 0 | AL75: =AJ75*4 -> 0 | AP75: =E75+AM75+AJ75+AG75+AE75+AC75+AA75+Y75+T75+O75+J75 -> 136 | AQ75: =SUM(F75,G75,H75,I75,K75,L75,M75,N75,P75,Q75,R75,S75,U75,V75,W75,X75,Z75,AB75,AD75,AF75,AH75,AI75,AK75,AL75,AN75,AO75) -> 1012
B76: Belgaum | C76: 74 | D76: Khpgs Nidasossi | F76: =E76*1 -> 0 | G76: =E76*1 -> 0 | H76: =E76*1 -> 0 | I76: =E76*1 -> 0 | K76: =J76*1 -> 0 | L76: =J76*1 -> 0 | M76: =J76*1 -> 0 | N76: =J76*1 -> 0 | P76: =O76*1 -> 0 | Q76: =O76*1 -> 0 | R76: =O76*1 -> 0 | S76: =O76*1 -> 0 | T76: 45 | U76: =T76*1 -> 45 | V76: =U76*1 -> 45 | W76: =V76*1 -> 45 | X76: =W76*1 -> 45 | Y76: 31 | Z76: =Y76*8 -> 248 | AA76: 49 | AB76: =AA76*8 -> 392 | AC76: 23 | AD76: =AC76*8 -> 184 | AE76: 21 | AF76: =AE76*8 -> 168 | AH76: =AG76*8 -> 0 | AI76: =AG76*4 -> 0 | AK76: =AJ76*8 -> 0 | AL76: =AJ76*4 -> 0 | AP76: =E76+AM76+AJ76+AG76+AE76+AC76+AA76+Y76+T76+O76+J76 -> 169 | AQ76: =SUM(F76,G76,H76,I76,K76,L76,M76,N76,P76,Q76,R76,S76,U76,V76,W76,X76,Z76,AB76,AD76,AF76,AH76,AI76,AK76,AL76,AN76,AO76) -> 1172
B77: Belgaum | C77: 75 | D77: KHPS Badkundri | E77: 10 | F77: =E77*1 -> 10 | G77: =E77*1 -> 10 | H77: =E77*1 -> 10 | I77: =E77*1 -> 10 | J77: 5 | K77: =J77*1 -> 5 | L77: =J77*1 -> 5 | M77: =J77*1 -> 5 | N77: =J77*1 -> 5 | O77: 7 | P77: =O77*1 -> 7 | Q77: =O77*1 -> 7 | R77: =O77*1 -> 7 | S77: =O77*1 -> 7 | T77: 5 | U77: =T77*1 -> 5 | V77: =U77*1 -> 5 | W77: =V77*1 -> 5 | X77: =W77*1 -> 5 | Y77: 4 | Z77: =Y77*8 -> 32 | AA77: 17 | AB77: =AA77*8 -> 136 | AC77: 8 | AD77: =AC77*8 -> 64 | AE77: 16 | AF77: =AE77*8 -> 128 | AH77: =AG77*8 -> 0 | AI77: =AG77*4 -> 0 | AK77: =AJ77*8 -> 0 | AL77: =AJ77*4 -> 0 | AP77: =E77+AM77+AJ77+AG77+AE77+AC77+AA77+Y77+T77+O77+J77 -> 72 | AQ77: =SUM(F77,G77,H77,I77,K77,L77,M77,N77,P77,Q77,R77,S77,U77,V77,W77,X77,Z77,AB77,AD77,AF77,AH77,AI77,AK77,AL77,AN77,AO77) -> 468
B78: Belgaum | C78: 76 | D78: KHPS Gajapati | E78: 12 | F78: =E78*1 -> 12 | G78: =E78*1 -> 12 | H78: =E78*1 -> 12 | I78: =E78*1 -> 12 | J78: 21 | K78: =J78*1 -> 21 | L78: =J78*1 -> 21 | M78: =J78*1 -> 21 | N78: =J78*1 -> 21 | O78: 20 | P78: =O78*1 -> 20 | Q78: =O78*1 -> 20 | R78: =O78*1 -> 20 | S78: =O78*1 -> 20 | T78: 34 | U78: =T78*1 -> 34 | V78: =U78*1 -> 34 | W78: =V78*1 -> 34 | X78: =W78*1 -> 34 | Y78: 20 | Z78: =Y78*8 -> 160 | AA78: 17 | AB78: =AA78*8 -> 136 | AC78: 17 | AD78: =AC78*8 -> 136 | AF78: =AE78*8 -> 0 | AH78: =AG78*8 -> 0 | AI78: =AG78*4 -> 0 | AK78: =AJ78*8 -> 0 | AL78: =AJ78*4 -> 0 | AP78: =E78+AM78+AJ78+AG78+AE78+AC78+AA78+Y78+T78+O78+J78 -> 141 | AQ78: =SUM(F78,G78,H78,I78,K78,L78,M78,N78,P78,Q78,R78,S78,U78,V78,W78,X78,Z78,AB78,AD78,AF78,AH78,AI78,AK78,AL78,AN78,AO78) -> 780
B79: Belgaum | C79: 77 | D79: GKLPS Halemastiholi | E79: 7 | F79: =E79*1 -> 7 | G79: =E79*1 -> 7 | H79: =E79*1 -> 7 | I79: =E79*1 -> 7 | J79: 8 | K79: =J79*1 -> 8 | L79: =J79*1 -> 8 | M79: =J79*1 -> 8 | N79: =J79*1 -> 8 | O79: 6 | P79: =O79*1 -> 6 | Q79: =O79*1 -> 6 | R79: =O79*1 -> 6 | S79: =O79*1 -> 6 | T79: 7 | U79: =T79*1 -> 7 | V79: =U79*1 -> 7 | W79: =V79*1 -> 7 | X79: =W79*1 -> 7 | Y79: 9 | Z79: =Y79*8 -> 72 | AB79: =AA79*8 -> 0 | AD79: =AC79*8 -> 0 | AF79: =AE79*8 -> 0 | AH79: =AG79*8 -> 0 | AI79: =AG79*4 -> 0 | AK79: =AJ79*8 -> 0 | AL79: =AJ79*4 -> 0 | AP79: =E79+AM79+AJ79+AG79+AE79+AC79+AA79+Y79+T79+O79+J79 -> 37 | AQ79: =SUM(F79,G79,H79,I79,K79,L79,M79,N79,P79,Q79,R79,S79,U79,V79,W79,X79,Z79,AB79,AD79,AF79,AH79,AI79,AK79,AL79,AN79,AO79) -> 184
B80: Belgaum | C80: 78 | D80: UHPS Solapur | E80: 7 | F80: =E80*1 -> 7 | G80: =E80*1 -> 7 | H80: =E80*1 -> 7 | I80: =E80*1 -> 7 | J80: 5 | K80: =J80*1 -> 5 | L80: =J80*1 -> 5 | M80: =J80*1 -> 5 | N80: =J80*1 -> 5 | O80: 6 | P80: =O80*1 -> 6 | Q80: =O80*1 -> 6 | R80: =O80*1 -> 6 | S80: =O80*1 -> 6 | T80: 15 | U80: =T80*1 -> 15 | V80: =U80*1 -> 15 | W80: =V80*1 -> 15 | X80: =W80*1 -> 15 | Y80: 9 | Z80: =Y80*8 -> 72 | AA80: 13 | AB80: =AA80*8 -> 104 | AC80: 11 | AD80: =AC80*8 -> 88 | AE80: 15 | AF80: =AE80*8 -> 120 | AH80: =AG80*8 -> 0 | AI80: =AG80*4 -> 0 | AK80: =AJ80*8 -> 0 | AL80: =AJ80*4 -> 0 | AP80: =E80+AM80+AJ80+AG80+AE80+AC80+AA80+Y80+T80+O80+J80 -> 81 | AQ80: =SUM(F80,G80,H80,I80,K80,L80,M80,N80,P80,Q80,R80,S80,U80,V80,W80,X80,Z80,AB80,AD80,AF80,AH80,AI80,AK80,AL80,AN80,AO80) -> 516
B81: Hubballi | C81: 79 | D81: KHPS Gokul | E81: 38 | F81: =E81*1 -> 38 | G81: =E81*1 -> 38 | H81: =E81*1 -> 38 | I81: =E81*1 -> 38 | J81: 35 | K81: =J81*1 -> 35 | L81: =J81*1 -> 35 | M81: =J81*1 -> 35 | N81: =J81*1 -> 35 | O81: 52 | P81: =O81*1 -> 52 | Q81: =O81*1 -> 52 | R81: =O81*1 -> 52 | S81: =O81*1 -> 52 | T81: 49 | U81: =T81*1 -> 49 | V81: =U81*1 -> 49 | W81: =V81*1 -> 49 | X81: =W81*1 -> 49 | Y81: 53 | Z81: =Y81*8 -> 424 | AA81: 67 | AB81: =AA81*8 -> 536 | AC81: 53 | AD81: =AC81*8 -> 424 | AF81: =AE81*8 -> 0 | AH81: =AG81*8 -> 0 | AI81: =AG81*4 -> 0 | AK81: =AJ81*8 -> 0 | AL81: =AJ81*4 -> 0 | AP81: =E81+AM81+AJ81+AG81+AE81+AC81+AA81+Y81+T81+O81+J81 -> 347 | AQ81: =SUM(F81,G81,H81,I81,K81,L81,M81,N81,P81,Q81,R81,S81,U81,V81,W81,X81,Z81,AB81,AD81,AF81,AH81,AI81,AK81,AL81,AN81,AO81) -> 2080
B82: Belgaum | C82: 80 | D82: KHPGS Gavanal | E82: 8 | F82: =E82*1 -> 8 | G82: =E82*1 -> 8 | H82: =E82*1 -> 8 | I82: =E82*1 -> 8 | J82: 9 | K82: =J82*1 -> 9 | L82: =J82*1 -> 9 | M82: =J82*1 -> 9 | N82: =J82*1 -> 9 | O82: 14 | P82: =O82*1 -> 14 | Q82: =O82*1 -> 14 | R82: =O82*1 -> 14 | S82: =O82*1 -> 14 | T82: 23 | U82: =T82*1 -> 23 | V82: =U82*1 -> 23 | W82: =V82*1 -> 23 | X82: =W82*1 -> 23 | Y82: 16 | Z82: =Y82*8 -> 128 | AA82: 16 | AB82: =AA82*8 -> 128 | AC82: 15 | AD82: =AC82*8 -> 120 | AF82: =AE82*8 -> 0 | AH82: =AG82*8 -> 0 | AI82: =AG82*4 -> 0 | AK82: =AJ82*8 -> 0 | AL82: =AJ82*4 -> 0 | AP82: =E82+AM82+AJ82+AG82+AE82+AC82+AA82+Y82+T82+O82+J82 -> 101 | AQ82: =SUM(F82,G82,H82,I82,K82,L82,M82,N82,P82,Q82,R82,S82,U82,V82,W82,X82,Z82,AB82,AD82,AF82,AH82,AI82,AK82,AL82,AN82,AO82) -> 592
B83: Belgaum | C83: 81 | D83: KHPS Hirasugar | E83: 14 | F83: =E83*1 -> 14 | G83: =E83*1 -> 14 | H83: =E83*1 -> 14 | I83: =E83*1 -> 14 | J83: 18 | K83: =J83*1 -> 18 | L83: =J83*1 -> 18 | M83: =J83*1 -> 18 | N83: =J83*1 -> 18 | O83: 19 | P83: =O83*1 -> 19 | Q83: =O83*1 -> 19 | R83: =O83*1 -> 19 | S83: =O83*1 -> 19 | T83: 23 | U83: =T83*1 -> 23 | V83: =U83*1 -> 23 | W83: =V83*1 -> 23 | X83: =W83*1 -> 23 | Y83: 18 | Z83: =Y83*8 -> 144 | AA83: 17 | AB83: =AA83*8 -> 136 | AC83: 23 | AD83: =AC83*8 -> 184 | AE83: 19 | AF83: =AE83*8 -> 152 | AH83: =AG83*8 -> 0 | AI83: =AG83*4 -> 0 | AK83: =AJ83*8 -> 0 | AL83: =AJ83*4 -> 0 | AP83: =E83+AM83+AJ83+AG83+AE83+AC83+AA83+Y83+T83+O83+J83 -> 151 | AQ83: =SUM(F83,G83,H83,I83,K83,L83,M83,N83,P83,Q83,R83,S83,U83,V83,W83,X83,Z83,AB83,AD83,AF83,AH83,AI83,AK83,AL83,AN83,AO83) -> 912
B84: Belgaum | C84: 82 | D84: KHPBS Kurani | F84: =E84*1 -> 0 | G84: =E84*1 -> 0 | H84: =E84*1 -> 0 | I84: =E84*1 -> 0 | J84: 16 | K84: =J84*1 -> 16 | L84: =J84*1 -> 16 | M84: =J84*1 -> 16 | N84: =J84*1 -> 16 | O84: 22 | P84: =O84*1 -> 22 | Q84: =O84*1 -> 22 | R84: =O84*1 -> 22 | S84: =O84*1 -> 22 | T84: 12 | U84: =T84*1 -> 12 | V84: =U84*1 -> 12 | W84: =V84*1 -> 12 | X84: =W84*1 -> 12 | Y84: 20 | Z84: =Y84*8 -> 160 | AA84: 15 | AB84: =AA84*8 -> 120 | AC84: 20 | AD84: =AC84*8 -> 160 | AF84: =AE84*8 -> 0 | AH84: =AG84*8 -> 0 | AI84: =AG84*4 -> 0 | AK84: =AJ84*8 -> 0 | AL84: =AJ84*4 -> 0 | AP84: =E84+AM84+AJ84+AG84+AE84+AC84+AA84+Y84+T84+O84+J84 -> 105 | AQ84: =SUM(F84,G84,H84,I84,K84,L84,M84,N84,P84,Q84,R84,S84,U84,V84,W84,X84,Z84,AB84,AD84,AF84,AH84,AI84,AK84,AL84,AN84,AO84) -> 640
B85: Belgaum | C85: 83 | D85: KHPGS Kurani | F85: =E85*1 -> 0 | G85: =E85*1 -> 0 | H85: =E85*1 -> 0 | I85: =E85*1 -> 0 | J85: 12 | K85: =J85*1 -> 12 | L85: =J85*1 -> 12 | M85: =J85*1 -> 12 | N85: =J85*1 -> 12 | O85: 20 | P85: =O85*1 -> 20 | Q85: =O85*1 -> 20 | R85: =O85*1 -> 20 | S85: =O85*1 -> 20 | T85: 12 | U85: =T85*1 -> 12 | V85: =U85*1 -> 12 | W85: =V85*1 -> 12 | X85: =W85*1 -> 12 | Y85: 18 | Z85: =Y85*8 -> 144 | AA85: 18 | AB85: =AA85*8 -> 144 | AC85: 18 | AD85: =AC85*8 -> 144 | AF85: =AE85*8 -> 0 | AH85: =AG85*8 -> 0 | AI85: =AG85*4 -> 0 | AK85: =AJ85*8 -> 0 | AL85: =AJ85*4 -> 0 | AP85: =E85+AM85+AJ85+AG85+AE85+AC85+AA85+Y85+T85+O85+J85 -> 98 | AQ85: =SUM(F85,G85,H85,I85,K85,L85,M85,N85,P85,Q85,R85,S85,U85,V85,W85,X85,Z85,AB85,AD85,AF85,AH85,AI85,AK85,AL85,AN85,AO85) -> 608
B86: Belgaum | C86: 84 | D86: KHPS Beeranaholi | E86: 24 | F86: =E86*1 -> 24 | G86: =E86*1 -> 24 | H86: =E86*1 -> 24 | I86: =E86*1 -> 24 | J86: 32 | K86: =J86*1 -> 32 | L86: =J86*1 -> 32 | M86: =J86*1 -> 32 | N86: =J86*1 -> 32 | O86: 30 | P86: =O86*1 -> 30 | Q86: =O86*1 -> 30 | R86: =O86*1 -> 30 | S86: =O86*1 -> 30 | T86: 29 | U86: =T86*1 -> 29 | V86: =U86*1 -> 29 | W86: =V86*1 -> 29 | X86: =W86*1 -> 29 | Y86: 32 | Z86: =Y86*8 -> 256 | AA86: 44 | AB86: =AA86*8 -> 352 | AC86: 34 | AD86: =AC86*8 -> 272 | AF86: =AE86*8 -> 0 | AH86: =AG86*8 -> 0 | AI86: =AG86*4 -> 0 | AK86: =AJ86*8 -> 0 | AL86: =AJ86*4 -> 0 | AP86: =E86+AM86+AJ86+AG86+AE86+AC86+AA86+Y86+T86+O86+J86 -> 225 | AQ86: =SUM(F86,G86,H86,I86,K86,L86,M86,N86,P86,Q86,R86,S86,U86,V86,W86,X86,Z86,AB86,AD86,AF86,AH86,AI86,AK86,AL86,AN86,AO86) -> 1340
B87: Belgaum | C87: 85 | D87: KHPS Islampur | E87: 21 | F87: =E87*1 -> 21 | G87: =E87*1 -> 21 | H87: =E87*1 -> 21 | I87: =E87*1 -> 21 | J87: 23 | K87: =J87*1 -> 23 | L87: =J87*1 -> 23 | M87: =J87*1 -> 23 | N87: =J87*1 -> 23 | O87: 43 | P87: =O87*1 -> 43 | Q87: =O87*1 -> 43 | R87: =O87*1 -> 43 | S87: =O87*1 -> 43 | T87: 46 | U87: =T87*1 -> 46 | V87: =U87*1 -> 46 | W87: =V87*1 -> 46 | X87: =W87*1 -> 46 | Y87: 41 | Z87: =Y87*8 -> 328 | AA87: 64 | AB87: =AA87*8 -> 512 | AC87: 78 | AD87: =AC87*8 -> 624 | AF87: =AE87*8 -> 0 | AH87: =AG87*8 -> 0 | AI87: =AG87*4 -> 0 | AK87: =AJ87*8 -> 0 | AL87: =AJ87*4 -> 0 | AP87: =E87+AM87+AJ87+AG87+AE87+AC87+AA87+Y87+T87+O87+J87 -> 316 | AQ87: =SUM(F87,G87,H87,I87,K87,L87,M87,N87,P87,Q87,R87,S87,U87,V87,W87,X87,Z87,AB87,AD87,AF87,AH87,AI87,AK87,AL87,AN87,AO87) -> 1996
B88: Belgaum | C88: 86 | D88: KHPS Guttaguddi | E88: 35 | F88: =E88*1 -> 35 | G88: =E88*1 -> 35 | H88: =E88*1 -> 35 | I88: =E88*1 -> 35 | J88: 30 | K88: =J88*1 -> 30 | L88: =J88*1 -> 30 | M88: =J88*1 -> 30 | N88: =J88*1 -> 30 | O88: 36 | P88: =O88*1 -> 36 | Q88: =O88*1 -> 36 | R88: =O88*1 -> 36 | S88: =O88*1 -> 36 | T88: 40 | U88: =T88*1 -> 40 | V88: =U88*1 -> 40 | W88: =V88*1 -> 40 | X88: =W88*1 -> 40 | Y88: 35 | Z88: =Y88*8 -> 280 | AA88: 60 | AB88: =AA88*8 -> 480 | AD88: =AC88*8 -> 0 | AF88: =AE88*8 -> 0 | AH88: =AG88*8 -> 0 | AI88: =AG88*4 -> 0 | AK88: =AJ88*8 -> 0 | AL88: =AJ88*4 -> 0 | AP88: =E88+AM88+AJ88+AG88+AE88+AC88+AA88+Y88+T88+O88+J88 -> 236 | AQ88: =SUM(F88,G88,H88,I88,K88,L88,M88,N88,P88,Q88,R88,S88,U88,V88,W88,X88,Z88,AB88,AD88,AF88,AH88,AI88,AK88,AL88,AN88,AO88) -> 1324
B89: Belgaum | C89: 87 | D89: KHPS Haragapur | E89: 15 | F89: =E89*1 -> 15 | G89: =E89*1 -> 15 | H89: =E89*1 -> 15 | I89: =E89*1 -> 15 | J89: 22 | K89: =J89*1 -> 22 | L89: =J89*1 -> 22 | M89: =J89*1 -> 22 | N89: =J89*1 -> 22 | O89: 16 | P89: =O89*1 -> 16 | Q89: =O89*1 -> 16 | R89: =O89*1 -> 16 | S89: =O89*1 -> 16 | T89: 17 | U89: =T89*1 -> 17 | V89: =U89*1 -> 17 | W89: =V89*1 -> 17 | X89: =W89*1 -> 17 | Y89: 14 | Z89: =Y89*8 -> 112 | AA89: 17 | AB89: =AA89*8 -> 136 | AC89: 24 | AD89: =AC89*8 -> 192 | AE89: 18 | AF89: =AE89*8 -> 144 | AH89: =AG89*8 -> 0 | AI89: =AG89*4 -> 0 | AK89: =AJ89*8 -> 0 | AL89: =AJ89*4 -> 0 | AP89: =E89+AM89+AJ89+AG89+AE89+AC89+AA89+Y89+T89+O89+J89 -> 143 | AQ89: =SUM(F89,G89,H89,I89,K89,L89,M89,N89,P89,Q89,R89,S89,U89,V89,W89,X89,Z89,AB89,AD89,AF89,AH89,AI89,AK89,AL89,AN89,AO89) -> 864
B90: Belgaum | C90: 88 | D90: KHPS Solapur | E90: 18 | F90: =E90*1 -> 18 | G90: =E90*1 -> 18 | H90: =E90*1 -> 18 | I90: =E90*1 -> 18 | J90: 26 | K90: =J90*1 -> 26 | L90: =J90*1 -> 26 | M90: =J90*1 -> 26 | N90: =J90*1 -> 26 | O90: 28 | P90: =O90*1 -> 28 | Q90: =O90*1 -> 28 | R90: =O90*1 -> 28 | S90: =O90*1 -> 28 | T90: 39 | U90: =T90*1 -> 39 | V90: =U90*1 -> 39 | W90: =V90*1 -> 39 | X90: =W90*1 -> 39 | Y90: 29 | Z90: =Y90*8 -> 232 | AA90: 53 | AB90: =AA90*8 -> 424 | AC90: 49 | AD90: =AC90*8 -> 392 | AF90: =AE90*8 -> 0 | AH90: =AG90*8 -> 0 | AI90: =AG90*4 -> 0 | AK90: =AJ90*8 -> 0 | AL90: =AJ90*4 -> 0 | AP90: =E90+AM90+AJ90+AG90+AE90+AC90+AA90+Y90+T90+O90+J90 -> 242 | AQ90: =SUM(F90,G90,H90,I90,K90,L90,M90,N90,P90,Q90,R90,S90,U90,V90,W90,X90,Z90,AB90,AD90,AF90,AH90,AI90,AK90,AL90,AN90,AO90) -> 1492
B91: Belgaum | C91: 89 | D91: Ghs Solapur | F91: =E91*1 -> 0 | G91: =E91*1 -> 0 | H91: =E91*1 -> 0 | I91: =E91*1 -> 0 | K91: =J91*1 -> 0 | L91: =J91*1 -> 0 | M91: =J91*1 -> 0 | N91: =J91*1 -> 0 | P91: =O91*1 -> 0 | Q91: =O91*1 -> 0 | R91: =O91*1 -> 0 | S91: =O91*1 -> 0 | U91: =T91*1 -> 0 | V91: =U91*1 -> 0 | W91: =V91*1 -> 0 | X91: =W91*1 -> 0 | Z91: =Y91*8 -> 0 | AB91: =AA91*8 -> 0 | AD91: =AC91*8 -> 0 | AE91: 47 | AF91: =AE91*8 -> 376 | AG91: 50 | AH91: =AG91*8 -> 400 | AI91: =AG91*4 -> 200 | AJ91: 40 | AK91: =AJ91*8 -> 320 | AL91: =AJ91*4 -> 160 | AP91: =E91+AM91+AJ91+AG91+AE91+AC91+AA91+Y91+T91+O91+J91 -> 137 | AQ91: =SUM(F91,G91,H91,I91,K91,L91,M91,N91,P91,Q91,R91,S91,U91,V91,W91,X91,Z91,AB91,AD91,AF91,AH91,AI91,AK91,AL91,AN91,AO91) -> 1456
B92: Belgaum | C92: 90 | D92: MHPS Solapur | E92: 6 | F92: =E92*1 -> 6 | G92: =E92*1 -> 6 | H92: =E92*1 -> 6 | I92: =E92*1 -> 6 | J92: 8 | K92: =J92*1 -> 8 | L92: =J92*1 -> 8 | M92: =J92*1 -> 8 | N92: =J92*1 -> 8 | O92: 11 | P92: =O92*1 -> 11 | Q92: =O92*1 -> 11 | R92: =O92*1 -> 11 | S92: =O92*1 -> 11 | T92: 7 | U92: =T92*1 -> 7 | V92: =U92*1 -> 7 | W92: =V92*1 -> 7 | X92: =W92*1 -> 7 | Y92: 10 | Z92: =Y92*8 -> 80 | AA92: 10 | AB92: =AA92*8 -> 80 | AC92: 5 | AD92: =AC92*8 -> 40 | AF92: =AE92*8 -> 0 | AH92: =AG92*8 -> 0 | AI92: =AG92*4 -> 0 | AK92: =AJ92*8 -> 0 | AL92: =AJ92*4 -> 0 | AP92: =E92+AM92+AJ92+AG92+AE92+AC92+AA92+Y92+T92+O92+J92 -> 57 | AQ92: =SUM(F92,G92,H92,I92,K92,L92,M92,N92,P92,Q92,R92,S92,U92,V92,W92,X92,Z92,AB92,AD92,AF92,AH92,AI92,AK92,AL92,AN92,AO92) -> 328
B93: Belgaum | C93: 91 | D93: KHPBS Nerli | E93: 11 | F93: =E93*1 -> 11 | G93: =E93*1 -> 11 | H93: =E93*1 -> 11 | I93: =E93*1 -> 11 | J93: 11 | K93: =J93*1 -> 11 | L93: =J93*1 -> 11 | M93: =J93*1 -> 11 | N93: =J93*1 -> 11 | O93: 10 | P93: =O93*1 -> 10 | Q93: =O93*1 -> 10 | R93: =O93*1 -> 10 | S93: =O93*1 -> 10 | T93: 13 | U93: =T93*1 -> 13 | V93: =U93*1 -> 13 | W93: =V93*1 -> 13 | X93: =W93*1 -> 13 | Y93: 12 | Z93: =Y93*8 -> 96 | AA93: 15 | AB93: =AA93*8 -> 120 | AC93: 13 | AD93: =AC93*8 -> 104 | AF93: =AE93*8 -> 0 | AH93: =AG93*8 -> 0 | AI93: =AG93*4 -> 0 | AK93: =AJ93*8 -> 0 | AL93: =AJ93*4 -> 0 | AP93: =E93+AM93+AJ93+AG93+AE93+AC93+AA93+Y93+T93+O93+J93 -> 85 | AQ93: =SUM(F93,G93,H93,I93,K93,L93,M93,N93,P93,Q93,R93,S93,U93,V93,W93,X93,Z93,AB93,AD93,AF93,AH93,AI93,AK93,AL93,AN93,AO93) -> 500
B94: Belgaum | C94: 92 | D94: KHPGS Nerli | E94: 10 | F94: =E94*1 -> 10 | G94: =E94*1 -> 10 | H94: =E94*1 -> 10 | I94: =E94*1 -> 10 | J94: 12 | K94: =J94*1 -> 12 | L94: =J94*1 -> 12 | M94: =J94*1 -> 12 | N94: =J94*1 -> 12 | O94: 14 | P94: =O94*1 -> 14 | Q94: =O94*1 -> 14 | R94: =O94*1 -> 14 | S94: =O94*1 -> 14 | T94: 9 | U94: =T94*1 -> 9 | V94: =U94*1 -> 9 | W94: =V94*1 -> 9 | X94: =W94*1 -> 9 | Y94: 14 | Z94: =Y94*8 -> 112 | AA94: 18 | AB94: =AA94*8 -> 144 | AC94: 22 | AD94: =AC94*8 -> 176 | AF94: =AE94*8 -> 0 | AH94: =AG94*8 -> 0 | AI94: =AG94*4 -> 0 | AK94: =AJ94*8 -> 0 | AL94: =AJ94*4 -> 0 | AP94: =E94+AM94+AJ94+AG94+AE94+AC94+AA94+Y94+T94+O94+J94 -> 99 | AQ94: =SUM(F94,G94,H94,I94,K94,L94,M94,N94,P94,Q94,R94,S94,U94,V94,W94,X94,Z94,AB94,AD94,AF94,AH94,AI94,AK94,AL94,AN94,AO94) -> 612
B95: Belgaum | C95: 93 | D95: UHPS Nerli | E95: 6 | F95: =E95*1 -> 6 | G95: =E95*1 -> 6 | H95: =E95*1 -> 6 | I95: =E95*1 -> 6 | J95: 7 | K95: =J95*1 -> 7 | L95: =J95*1 -> 7 | M95: =J95*1 -> 7 | N95: =J95*1 -> 7 | O95: 4 | P95: =O95*1 -> 4 | Q95: =O95*1 -> 4 | R95: =O95*1 -> 4 | S95: =O95*1 -> 4 | T95: 8 | U95: =T95*1 -> 8 | V95: =U95*1 -> 8 | W95: =V95*1 -> 8 | X95: =W95*1 -> 8 | Y95: 4 | Z95: =Y95*8 -> 32 | AA95: 3 | AB95: =AA95*8 -> 24 | AC95: 5 | AD95: =AC95*8 -> 40 | AF95: =AE95*8 -> 0 | AH95: =AG95*8 -> 0 | AI95: =AG95*4 -> 0 | AK95: =AJ95*8 -> 0 | AL95: =AJ95*4 -> 0 | AP95: =E95+AM95+AJ95+AG95+AE95+AC95+AA95+Y95+T95+O95+J95 -> 37 | AQ95: =SUM(F95,G95,H95,I95,K95,L95,M95,N95,P95,Q95,R95,S95,U95,V95,W95,X95,Z95,AB95,AD95,AF95,AH95,AI95,AK95,AL95,AN95,AO95) -> 196
B96: Hubballi | C96: 94 | D96: GHS Kanavi Honnapur | E96: 9 | F96: =E96*1 -> 9 | G96: =E96*1 -> 9 | H96: =E96*1 -> 9 | I96: =E96*1 -> 9 | J96: 29 | K96: =J96*1 -> 29 | L96: =J96*1 -> 29 | M96: =J96*1 -> 29 | N96: =J96*1 -> 29 | O96: 18 | P96: =O96*1 -> 18 | Q96: =O96*1 -> 18 | R96: =O96*1 -> 18 | S96: =O96*1 -> 18 | T96: 29 | U96: =T96*1 -> 29 | V96: =U96*1 -> 29 | W96: =V96*1 -> 29 | X96: =W96*1 -> 29 | Y96: 26 | Z96: =Y96*8 -> 208 | AA96: 35 | AB96: =AA96*8 -> 280 | AC96: 29 | AD96: =AC96*8 -> 232 | AE96: 24 | AF96: =AE96*8 -> 192 | AH96: =AG96*8 -> 0 | AI96: =AG96*4 -> 0 | AK96: =AJ96*8 -> 0 | AL96: =AJ96*4 -> 0 | AP96: =E96+AM96+AJ96+AG96+AE96+AC96+AA96+Y96+T96+O96+J96 -> 199 | AQ96: =SUM(F96,G96,H96,I96,K96,L96,M96,N96,P96,Q96,R96,S96,U96,V96,W96,X96,Z96,AB96,AD96,AF96,AH96,AI96,AK96,AL96,AN96,AO96) -> 1252
B97: Belgaum | C97: 95 | D97: Ghs Islampur | F97: =E97*1 -> 0 | G97: =E97*1 -> 0 | H97: =E97*1 -> 0 | I97: =E97*1 -> 0 | K97: =J97*1 -> 0 | L97: =J97*1 -> 0 | M97: =J97*1 -> 0 | N97: =J97*1 -> 0 | P97: =O97*1 -> 0 | Q97: =O97*1 -> 0 | R97: =O97*1 -> 0 | S97: =O97*1 -> 0 | U97: =T97*1 -> 0 | V97: =U97*1 -> 0 | W97: =V97*1 -> 0 | X97: =W97*1 -> 0 | Z97: =Y97*8 -> 0 | AB97: =AA97*8 -> 0 | AD97: =AC97*8 -> 0 | AE97: 55 | AF97: =AE97*8 -> 440 | AG97: 141 | AH97: =AG97*8 -> 1128 | AI97: =AG97*4 -> 564 | AJ97: 97 | AK97: =AJ97*8 -> 776 | AL97: =AJ97*4 -> 388 | AP97: =E97+AM97+AJ97+AG97+AE97+AC97+AA97+Y97+T97+O97+J97 -> 293 | AQ97: =SUM(F97,G97,H97,I97,K97,L97,M97,N97,P97,Q97,R97,S97,U97,V97,W97,X97,Z97,AB97,AD97,AF97,AH97,AI97,AK97,AL97,AN97,AO97) -> 3296
B98: Belgaum | C98: 96 | D98: KHPS Bastwad | E98: 25 | F98: =E98*1 -> 25 | G98: =E98*1 -> 25 | H98: =E98*1 -> 25 | I98: =E98*1 -> 25 | J98: 20 | K98: =J98*1 -> 20 | L98: =J98*1 -> 20 | M98: =J98*1 -> 20 | N98: =J98*1 -> 20 | O98: 28 | P98: =O98*1 -> 28 | Q98: =O98*1 -> 28 | R98: =O98*1 -> 28 | S98: =O98*1 -> 28 | T98: 30 | U98: =T98*1 -> 30 | V98: =U98*1 -> 30 | W98: =V98*1 -> 30 | X98: =W98*1 -> 30 | Y98: 30 | Z98: =Y98*8 -> 240 | AA98: 45 | AB98: =AA98*8 -> 360 | AC98: 28 | AD98: =AC98*8 -> 224 | AF98: =AE98*8 -> 0 | AH98: =AG98*8 -> 0 | AI98: =AG98*4 -> 0 | AK98: =AJ98*8 -> 0 | AL98: =AJ98*4 -> 0 | AP98: =E98+AM98+AJ98+AG98+AE98+AC98+AA98+Y98+T98+O98+J98 -> 206 | AQ98: =SUM(F98,G98,H98,I98,K98,L98,M98,N98,P98,Q98,R98,S98,U98,V98,W98,X98,Z98,AB98,AD98,AF98,AH98,AI98,AK98,AL98,AN98,AO98) -> 1236
B99: Belgaum | C99: 97 | D99: KHPS Kahvanewadi | E99: 2 | F99: =E99*1 -> 2 | G99: =E99*1 -> 2 | H99: =E99*1 -> 2 | I99: =E99*1 -> 2 | J99: 7 | K99: =J99*1 -> 7 | L99: =J99*1 -> 7 | M99: =J99*1 -> 7 | N99: =J99*1 -> 7 | O99: 9 | P99: =O99*1 -> 9 | Q99: =O99*1 -> 9 | R99: =O99*1 -> 9 | S99: =O99*1 -> 9 | T99: 6 | U99: =T99*1 -> 6 | V99: =U99*1 -> 6 | W99: =V99*1 -> 6 | X99: =W99*1 -> 6 | Y99: 8 | Z99: =Y99*8 -> 64 | AA99: 4 | AB99: =AA99*8 -> 32 | AC99: 6 | AD99: =AC99*8 -> 48 | AF99: =AE99*8 -> 0 | AH99: =AG99*8 -> 0 | AI99: =AG99*4 -> 0 | AK99: =AJ99*8 -> 0 | AL99: =AJ99*4 -> 0 | AP99: =E99+AM99+AJ99+AG99+AE99+AC99+AA99+Y99+T99+O99+J99 -> 42 | AQ99: =SUM(F99,G99,H99,I99,K99,L99,M99,N99,P99,Q99,R99,S99,U99,V99,W99,X99,Z99,AB99,AD99,AF99,AH99,AI99,AK99,AL99,AN99,AO99) -> 240
B100: Belgaum | C100: 98 | D100: GHS Ullagadi Khanapur | F100: =E100*1 -> 0 | G100: =E100*1 -> 0 | H100: =E100*1 -> 0 | I100: =E100*1 -> 0 | K100: =J100*1 -> 0 | L100: =J100*1 -> 0 | M100: =J100*1 -> 0 | N100: =J100*1 -> 0 | P100: =O100*1 -> 0 | Q100: =O100*1 -> 0 | R100: =O100*1 -> 0 | S100: =O100*1 -> 0 | U100: =T100*1 -> 0 | V100: =U100*1 -> 0 | W100: =V100*1 -> 0 | X100: =W100*1 -> 0 | Z100: =Y100*8 -> 0 | AB100: =AA100*8 -> 0 | AD100: =AC100*8 -> 0 | AE100: 92 | AF100: =AE100*8 -> 736 | AG100: 136 | AH100: =AG100*8 -> 1088 | AI100: =AG100*4 -> 544 | AJ100: 97 | AK100: =AJ100*8 -> 776 | AL100: =AJ100*4 -> 388 | AP100: =E100+AM100+AJ100+AG100+AE100+AC100+AA100+Y100+T100+O100+J100 -> 325 | AQ100: =SUM(F100,G100,H100,I100,K100,L100,M100,N100,P100,Q100,R100,S100,U100,V100,W100,X100,Z100,AB100,AD100,AF100,AH100,AI100,AK100,AL100,AN100,AO100) -> 3532
...

Sheet Schoolwise notebook count (Fin)
A1: Sl.No | B1: Location | C1: NAME OF THE SCHOOL | D1: 80 Pg | H1: 160 Pg | J1: Total | M1: Standardwise Noteboooks
D2: 1L | E2: 2L | F2: 4L | G2: SQ | H2: 1L | I2: LB | M2: 80 Pg | R2: 160 pg
A3: 1 | B3: Belgaum | C3: KHPS Gudaganahatti RC | D3: ='Total Notebooks (Final)'!F3+'Total Notebooks (Final)'!K3+'Total Notebooks (Final)'!P3+'Total Notebooks (Final)'!U3 -> 90 | E3: ='Total Notebooks (Final)'!G3+'Total Notebooks (Final)'!L3+'Total Notebooks (Final)'!Q3+'Total Notebooks (Final)'!V3 -> 90 | F3: ='Total Notebooks (Final)'!H3+'Total Notebooks (Final)'!M3+'Total Notebooks (Final)'!R3+'Total Notebooks (Final)'!W3 -> 90 | G3: ='Total Notebooks (Final)'!I3+'Total Notebooks (Final)'!N3+'Total Notebooks (Final)'!S3+'Total Notebooks (Final)'!X3 -> 90 | H3: ='Total Notebooks (Final)'!Z3+'Total Notebooks (Final)'!AB3+'Total Notebooks (Final)'!AD3+'Total Notebooks (Final)'!AF3+'Total Notebooks (Final)'!AH3+'Total Notebooks (Final)'!AK3 -> 1536 | I3: ='Total Notebooks (Final)'!AI3+'Total Notebooks (Final)'!AL3 -> 0 | J3: =SUM(D3:I3) -> 1896 | N3: 1st | O3: 2nd | P3: 3rd | Q3: 4th | R3: 5th | S3: 6th | T3: 7th | U3: 8th | V3: 9th | W3: 10th
A4: 2 | B4: Belgaum | C4: KHPGS Yamakanamaradi | D4: ='Total Notebooks (Final)'!F4+'Total Notebooks (Final)'!K4+'Total Notebooks (Final)'!P4+'Total Notebooks (Final)'!U4 -> 56 | E4: ='Total Notebooks (Final)'!G4+'Total Notebooks (Final)'!L4+'Total Notebooks (Final)'!Q4+'Total Notebooks (Final)'!V4 -> 56 | F4: ='Total Notebooks (Final)'!H4+'Total Notebooks (Final)'!M4+'Total Notebooks (Final)'!R4+'Total Notebooks (Final)'!W4 -> 56 | G4: ='Total Notebooks (Final)'!I4+'Total Notebooks (Final)'!N4+'Total Notebooks (Final)'!S4+'Total Notebooks (Final)'!X4 -> 56 | H4: ='Total Notebooks (Final)'!Z4+'Total Notebooks (Final)'!AB4+'Total Notebooks (Final)'!AD4+'Total Notebooks (Final)'!AF4+'Total Notebooks (Final)'!AH4+'Total Notebooks (Final)'!AK4 -> 592 | I4: ='Total Notebooks (Final)'!AI4+'Total Notebooks (Final)'!AL4 -> 0 | J4: =SUM(D4:I4) -> 816 | M4: 1L | N4: 1 | O4: 1 | P4: 2 | Q4: 2 | R4: 6 | S4: 6 | T4: 8 | U4: 8 | V4: 6 | W4: 8
A5: 3 | B5: Belgaum | C5: KHPBS Yamakanamaradi | D5: ='Total Notebooks (Final)'!F5+'Total Notebooks (Final)'!K5+'Total Notebooks (Final)'!P5+'Total Notebooks (Final)'!U5 -> 60 | E5: ='Total Notebooks (Final)'!G5+'Total Notebooks (Final)'!L5+'Total Notebooks (Final)'!Q5+'Total Notebooks (Final)'!V5 -> 60 | F5: ='Total Notebooks (Final)'!H5+'Total Notebooks (Final)'!M5+'Total Notebooks (Final)'!R5+'Total Notebooks (Final)'!W5 -> 60 | G5: ='Total Notebooks (Final)'!I5+'Total Notebooks (Final)'!N5+'Total Notebooks (Final)'!S5+'Total Notebooks (Final)'!X5 -> 60 | H5: ='Total Notebooks (Final)'!Z5+'Total Notebooks (Final)'!AB5+'Total Notebooks (Final)'!AD5+'Total Notebooks (Final)'!AF5+'Total Notebooks (Final)'!AH5+'Total Notebooks (Final)'!AK5 -> 592 | I5: ='Total Notebooks (Final)'!AI5+'Total Notebooks (Final)'!AL5 -> 0 | J5: =SUM(D5:I5) -> 832 | M5: 2L | N5: 1 | O5: 1 | P5: 1 | Q5: 1
A6: 4 | B6: Belgaum | C6: UEMPS(English Medium) Yamakanamaradi | D6: ='Total Notebooks (Final)'!F6+'Total Notebooks (Final)'!K6+'Total Notebooks (Final)'!P6+'Total Notebooks (Final)'!U6 -> 90 | E6: ='Total Notebooks (Final)'!G6+'Total Notebooks (Final)'!L6+'Total Notebooks (Final)'!Q6+'Total Notebooks (Final)'!V6 -> 90 | F6: ='Total Notebooks (Final)'!H6+'Total Notebooks (Final)'!M6+'Total Notebooks (Final)'!R6+'Total Notebooks (Final)'!W6 -> 90 | G6: ='Total Notebooks (Final)'!I6+'Total Notebooks (Final)'!N6+'Total Notebooks (Final)'!S6+'Total Notebooks (Final)'!X6 -> 90 | H6: ='Total Notebooks (Final)'!Z6+'Total Notebooks (Final)'!AB6+'Total Notebooks (Final)'!AD6+'Total Notebooks (Final)'!AF6+'Total Notebooks (Final)'!AH6+'Total Notebooks (Final)'!AK6 -> 568 | I6: ='Total Notebooks (Final)'!AI6+'Total Notebooks (Final)'!AL6 -> 0 | J6: =SUM(D6:I6) -> 928 | M6: SQ | N6: 1 | O6: 1 | P6: 1 | Q6: 1
A7: 5 | B7: Belgaum | C7: UHPS Yamakanamaradi | D7: ='Total Notebooks (Final)'!F7+'Total Notebooks (Final)'!K7+'Total Notebooks (Final)'!P7+'Total Notebooks (Final)'!U7 -> 22 | E7: ='Total Notebooks (Final)'!G7+'Total Notebooks (Final)'!L7+'Total Notebooks (Final)'!Q7+'Total Notebooks (Final)'!V7 -> 22 | F7: ='Total Notebooks (Final)'!H7+'Total Notebooks (Final)'!M7+'Total Notebooks (Final)'!R7+'Total Notebooks (Final)'!W7 -> 22 | G7: ='Total Notebooks (Final)'!I7+'Total Notebooks (Final)'!N7+'Total Notebooks (Final)'!S7+'Total Notebooks (Final)'!X7 -> 22 | H7: ='Total Notebooks (Final)'!Z7+'Total Notebooks (Final)'!AB7+'Total Notebooks (Final)'!AD7+'Total Notebooks (Final)'!AF7+'Total Notebooks (Final)'!AH7+'Total Notebooks (Final)'!AK7 -> 0 | I7: ='Total Notebooks (Final)'!AI7+'Total Notebooks (Final)'!AL7 -> 0 | J7: =SUM(D7:I7) -> 88 | M7: 4L | N7: 1 | O7: 1 | P7: 1 | Q7: 1 | R7: 2 | S7: 2
A8: 6 | B8: Belgaum | C8: KHPS Hattaragi | D8: ='Total Notebooks (Final)'!F8+'Total Notebooks (Final)'!K8+'Total Notebooks (Final)'!P8+'Total Notebooks (Final)'!U8 -> 90 | E8: ='Total Notebooks (Final)'!G8+'Total Notebooks (Final)'!L8+'Total Notebooks (Final)'!Q8+'Total Notebooks (Final)'!V8 -> 90 | F8: ='Total Notebooks (Final)'!H8+'Total Notebooks (Final)'!M8+'Total Notebooks (Final)'!R8+'Total Notebooks (Final)'!W8 -> 90 | G8: ='Total Notebooks (Final)'!I8+'Total Notebooks (Final)'!N8+'Total Notebooks (Final)'!S8+'Total Notebooks (Final)'!X8 -> 90 | H8: ='Total Notebooks (Final)'!Z8+'Total Notebooks (Final)'!AB8+'Total Notebooks (Final)'!AD8+'Total Notebooks (Final)'!AF8+'Total Notebooks (Final)'!AH8+'Total Notebooks (Final)'!AK8 -> 448 | I8: ='Total Notebooks (Final)'!AI8+'Total Notebooks (Final)'!AL8 -> 0 | J8: =SUM(D8:I8) -> 808 | M8: LB | V8: 4 | W8: 4
A9: 7 | B9: Belgaum | C9: KHPS Anandpur | D9: ='Total Notebooks (Final)'!F9+'Total Notebooks (Final)'!K9+'Total Notebooks (Final)'!P9+'Total Notebooks (Final)'!U9 -> 45 | E9: ='Total Notebooks (Final)'!G9+'Total Notebooks (Final)'!L9+'Total Notebooks (Final)'!Q9+'Total Notebooks (Final)'!V9 -> 45 | F9: ='Total Notebooks (Final)'!H9+'Total Notebooks (Final)'!M9+'Total Notebooks (Final)'!R9+'Total Notebooks (Final)'!W9 -> 45 | G9: ='Total Notebooks (Final)'!I9+'Total Notebooks (Final)'!N9+'Total Notebooks (Final)'!S9+'Total Notebooks (Final)'!X9 -> 45 | H9: ='Total Notebooks (Final)'!Z9+'Total Notebooks (Final)'!AB9+'Total Notebooks (Final)'!AD9+'Total Notebooks (Final)'!AF9+'Total Notebooks (Final)'!AH9+'Total Notebooks (Final)'!AK9 -> 400 | I9: ='Total Notebooks (Final)'!AI9+'Total Notebooks (Final)'!AL9 -> 0 | J9: =SUM(D9:I9) -> 580 | M9: Total per std | N9: =SUM(N4:N8) -> 4 | O9: =SUM(O4:O8) -> 4 | P9: =SUM(P4:P8) -> 5 | Q9: =SUM(Q4:Q8) -> 5 | R9: =SUM(R4:R8) -> 8 | S9: =SUM(S4:S8) -> 8 | T9: =SUM(T4:T8) -> 8 | U9: =SUM(U4:U8) -> 8 | ... W9: =SUM(W4:W8) -> 12
A10: 8 | B10: Belgaum | C10: KHPS Hunnur Masthiholi | D10: ='Total Notebooks (Final)'!F10+'Total Notebooks (Final)'!K10+'Total Notebooks (Final)'!P10+'Total Notebooks (Final)'!U10 -> 32 | E10: ='Total Notebooks (Final)'!G10+'Total Notebooks (Final)'!L10+'Total Notebooks (Final)'!Q10+'Total Notebooks (Final)'!V10 -> 32 | F10: ='Total Notebooks (Final)'!H10+'Total Notebooks (Final)'!M10+'Total Notebooks (Final)'!R10+'Total Notebooks (Final)'!W10 -> 32 | G10: ='Total Notebooks (Final)'!I10+'Total Notebooks (Final)'!N10+'Total Notebooks (Final)'!S10+'Total Notebooks (Final)'!X10 -> 32 | H10: ='Total Notebooks (Final)'!Z10+'Total Notebooks (Final)'!AB10+'Total Notebooks (Final)'!AD10+'Total Notebooks (Final)'!AF10+'Total Notebooks (Final)'!AH10+'Total Notebooks (Final)'!AK10 -> 256 | I10: ='Total Notebooks (Final)'!AI10+'Total Notebooks (Final)'!AL10 -> 0 | J10: =SUM(D10:I10) -> 384
A11: 9 | B11: Belgaum | C11: KHPS Managutti | D11: ='Total Notebooks (Final)'!F11+'Total Notebooks (Final)'!K11+'Total Notebooks (Final)'!P11+'Total Notebooks (Final)'!U11 -> 91 | E11: ='Total Notebooks (Final)'!G11+'Total Notebooks (Final)'!L11+'Total Notebooks (Final)'!Q11+'Total Notebooks (Final)'!V11 -> 91 | F11: ='Total Notebooks (Final)'!H11+'Total Notebooks (Final)'!M11+'Total Notebooks (Final)'!R11+'Total Notebooks (Final)'!W11 -> 91 | G11: ='Total Notebooks (Final)'!I11+'Total Notebooks (Final)'!N11+'Total Notebooks (Final)'!S11+'Total Notebooks (Final)'!X11 -> 91 | H11: ='Total Notebooks (Final)'!Z11+'Total Notebooks (Final)'!AB11+'Total Notebooks (Final)'!AD11+'Total Notebooks (Final)'!AF11+'Total Notebooks (Final)'!AH11+'Total Notebooks (Final)'!AK11 -> 736 | I11: ='Total Notebooks (Final)'!AI11+'Total Notebooks (Final)'!AL11 -> 0 | J11: =SUM(D11:I11) -> 1100
A12: 10 | B12: Belgaum | C12: MHPS Managutti | D12: ='Total Notebooks (Final)'!F12+'Total Notebooks (Final)'!K12+'Total Notebooks (Final)'!P12+'Total Notebooks (Final)'!U12 -> 60 | E12: ='Total Notebooks (Final)'!G12+'Total Notebooks (Final)'!L12+'Total Notebooks (Final)'!Q12+'Total Notebooks (Final)'!V12 -> 60 | F12: ='Total Notebooks (Final)'!H12+'Total Notebooks (Final)'!M12+'Total Notebooks (Final)'!R12+'Total Notebooks (Final)'!W12 -> 60 | G12: ='Total Notebooks (Final)'!I12+'Total Notebooks (Final)'!N12+'Total Notebooks (Final)'!S12+'Total Notebooks (Final)'!X12 -> 60 | H12: ='Total Notebooks (Final)'!Z12+'Total Notebooks (Final)'!AB12+'Total Notebooks (Final)'!AD12+'Total Notebooks (Final)'!AF12+'Total Notebooks (Final)'!AH12+'Total Notebooks (Final)'!AK12 -> 552 | I12: ='Total Notebooks (Final)'!AI12+'Total Notebooks (Final)'!AL12 -> 0 | J12: =SUM(D12:I12) -> 792
A13: 11 | B13: Belgaum | C13: GHS Hunnur Masthiholi | D13: ='Total Notebooks (Final)'!F13+'Total Notebooks (Final)'!K13+'Total Notebooks (Final)'!P13+'Total Notebooks (Final)'!U13 -> 0 | E13: ='Total Notebooks (Final)'!G13+'Total Notebooks (Final)'!L13+'Total Notebooks (Final)'!Q13+'Total Notebooks (Final)'!V13 -> 0 | F13: ='Total Notebooks (Final)'!H13+'Total Notebooks (Final)'!M13+'Total Notebooks (Final)'!R13+'Total Notebooks (Final)'!W13 -> 0 | G13: ='Total Notebooks (Final)'!I13+'Total Notebooks (Final)'!N13+'Total Notebooks (Final)'!S13+'Total Notebooks (Final)'!X13 -> 0 | H13: ='Total Notebooks (Final)'!Z13+'Total Notebooks (Final)'!AB13+'Total Notebooks (Final)'!AD13+'Total Notebooks (Final)'!AF13+'Total Notebooks (Final)'!AH13+'Total Notebooks (Final)'!AK13 -> 3040 | I13: ='Total Notebooks (Final)'!AI13+'Total Notebooks (Final)'!AL13 -> 1160 | J13: =SUM(D13:I13) -> 4200
A14: 12 | B14: Belgaum | C14: GHS Naganur KM | D14: ='Total Notebooks (Final)'!F14+'Total Notebooks (Final)'!K14+'Total Notebooks (Final)'!P14+'Total Notebooks (Final)'!U14 -> 0 | E14: ='Total Notebooks (Final)'!G14+'Total Notebooks (Final)'!L14+'Total Notebooks (Final)'!Q14+'Total Notebooks (Final)'!V14 -> 0 | F14: ='Total Notebooks (Final)'!H14+'Total Notebooks (Final)'!M14+'Total Notebooks (Final)'!R14+'Total Notebooks (Final)'!W14 -> 0 | G14: ='Total Notebooks (Final)'!I14+'Total Notebooks (Final)'!N14+'Total Notebooks (Final)'!S14+'Total Notebooks (Final)'!X14 -> 0 | H14: ='Total Notebooks (Final)'!Z14+'Total Notebooks (Final)'!AB14+'Total Notebooks (Final)'!AD14+'Total Notebooks (Final)'!AF14+'Total Notebooks (Final)'!AH14+'Total Notebooks (Final)'!AK14 -> 1184 | I14: ='Total Notebooks (Final)'!AI14+'Total Notebooks (Final)'!AL14 -> 392 | J14: =SUM(D14:I14) -> 1576
A15: 13 | B15: Belgaum | C15: GHS Attihal | D15: ='Total Notebooks (Final)'!F15+'Total Notebooks (Final)'!K15+'Total Notebooks (Final)'!P15+'Total Notebooks (Final)'!U15 -> 0 | E15: ='Total Notebooks (Final)'!G15+'Total Notebooks (Final)'!L15+'Total Notebooks (Final)'!Q15+'Total Notebooks (Final)'!V15 -> 0 | F15: ='Total Notebooks (Final)'!H15+'Total Notebooks (Final)'!M15+'Total Notebooks (Final)'!R15+'Total Notebooks (Final)'!W15 -> 0 | G15: ='Total Notebooks (Final)'!I15+'Total Notebooks (Final)'!N15+'Total Notebooks (Final)'!S15+'Total Notebooks (Final)'!X15 -> 0 | H15: ='Total Notebooks (Final)'!Z15+'Total Notebooks (Final)'!AB15+'Total Notebooks (Final)'!AD15+'Total Notebooks (Final)'!AF15+'Total Notebooks (Final)'!AH15+'Total Notebooks (Final)'!AK15 -> 1488 | I15: ='Total Notebooks (Final)'!AI15+'Total Notebooks (Final)'!AL15 -> 492 | J15: =SUM(D15:I15) -> 1980
A16: 14 | B16: Belgaum | C16: KLPS Halegudaganatti | D16: ='Total Notebooks (Final)'!F16+'Total Notebooks (Final)'!K16+'Total Notebooks (Final)'!P16+'Total Notebooks (Final)'!U16 -> 60 | E16: ='Total Notebooks (Final)'!G16+'Total Notebooks (Final)'!L16+'Total Notebooks (Final)'!Q16+'Total Notebooks (Final)'!V16 -> 60 | F16: ='Total Notebooks (Final)'!H16+'Total Notebooks (Final)'!M16+'Total Notebooks (Final)'!R16+'Total Notebooks (Final)'!W16 -> 60 | G16: ='Total Notebooks (Final)'!I16+'Total Notebooks (Final)'!N16+'Total Notebooks (Final)'!S16+'Total Notebooks (Final)'!X16 -> 60 | H16: ='Total Notebooks (Final)'!Z16+'Total Notebooks (Final)'!AB16+'Total Notebooks (Final)'!AD16+'Total Notebooks (Final)'!AF16+'Total Notebooks (Final)'!AH16+'Total Notebooks (Final)'!AK16 -> 352 | I16: ='Total Notebooks (Final)'!AI16+'Total Notebooks (Final)'!AL16 -> 0 | J16: =SUM(D16:I16) -> 592
A17: 15 | B17: Belgaum | C17: KLPS Dadbanahatti | D17: ='Total Notebooks (Final)'!F17+'Total Notebooks (Final)'!K17+'Total Notebooks (Final)'!P17+'Total Notebooks (Final)'!U17 -> 48 | E17: ='Total Notebooks (Final)'!G17+'Total Notebooks (Final)'!L17+'Total Notebooks (Final)'!Q17+'Total Notebooks (Final)'!V17 -> 48 | F17: ='Total Notebooks (Final)'!H17+'Total Notebooks (Final)'!M17+'Total Notebooks (Final)'!R17+'Total Notebooks (Final)'!W17 -> 48 | G17: ='Total Notebooks (Final)'!I17+'Total Notebooks (Final)'!N17+'Total Notebooks (Final)'!S17+'Total Notebooks (Final)'!X17 -> 48 | H17: ='Total Notebooks (Final)'!Z17+'Total Notebooks (Final)'!AB17+'Total Notebooks (Final)'!AD17+'Total Notebooks (Final)'!AF17+'Total Notebooks (Final)'!AH17+'Total Notebooks (Final)'!AK17 -> 112 | I17: ='Total Notebooks (Final)'!AI17+'Total Notebooks (Final)'!AL17 -> 0 | J17: =SUM(D17:I17) -> 304
A18: 16 | B18: Hubballi | C18: KHPS Itigatti Hubballi | D18: ='Total Notebooks (Final)'!F18+'Total Notebooks (Final)'!K18+'Total Notebooks (Final)'!P18+'Total Notebooks (Final)'!U18 -> 170 | E18: ='Total Notebooks (Final)'!G18+'Total Notebooks (Final)'!L18+'Total Notebooks (Final)'!Q18+'Total Notebooks (Final)'!V18 -> 170 | F18: ='Total Notebooks (Final)'!H18+'Total Notebooks (Final)'!M18+'Total Notebooks (Final)'!R18+'Total Notebooks (Final)'!W18 -> 170 | G18: ='Total Notebooks (Final)'!I18+'Total Notebooks (Final)'!N18+'Total Notebooks (Final)'!S18+'Total Notebooks (Final)'!X18 -> 170 | H18: ='Total Notebooks (Final)'!Z18+'Total Notebooks (Final)'!AB18+'Total Notebooks (Final)'!AD18+'Total Notebooks (Final)'!AF18+'Total Notebooks (Final)'!AH18+'Total Notebooks (Final)'!AK18 -> 1336 | I18: ='Total Notebooks (Final)'!AI18+'Total Notebooks (Final)'!AL18 -> 0 | J18: =SUM(D18:I18) -> 2016
A19: 17 | B19: Belgaum | C19: KHPS Benkanhalli | D19: ='Total Notebooks (Final)'!F19+'Total Notebooks (Final)'!K19+'Total Notebooks (Final)'!P19+'Total Notebooks (Final)'!U19 -> 119 | E19: ='Total Notebooks (Final)'!G19+'Total Notebooks (Final)'!L19+'Total Notebooks (Final)'!Q19+'Total Notebooks (Final)'!V19 -> 119 | F19: ='Total Notebooks (Final)'!H19+'Total Notebooks (Final)'!M19+'Total Notebooks (Final)'!R19+'Total Notebooks (Final)'!W19 -> 119 | G19: ='Total Notebooks (Final)'!I19+'Total Notebooks (Final)'!N19+'Total Notebooks (Final)'!S19+'Total Notebooks (Final)'!X19 -> 119 | H19: ='Total Notebooks (Final)'!Z19+'Total Notebooks (Final)'!AB19+'Total Notebooks (Final)'!AD19+'Total Notebooks (Final)'!AF19+'Total Notebooks (Final)'!AH19+'Total Notebooks (Final)'!AK19 -> 928 | I19: ='Total Notebooks (Final)'!AI19+'Total Notebooks (Final)'!AL19 -> 0 | J19: =SUM(D19:I19) -> 1404
A20: 18 | B20: Belgaum | C20: KHPS Attihal | D20: ='Total Notebooks (Final)'!F20+'Total Notebooks (Final)'!K20+'Total Notebooks (Final)'!P20+'Total Notebooks (Final)'!U20 -> 27 | E20: ='Total Notebooks (Final)'!G20+'Total Notebooks (Final)'!L20+'Total Notebooks (Final)'!Q20+'Total Notebooks (Final)'!V20 -> 27 | F20: ='Total Notebooks (Final)'!H20+'Total Notebooks (Final)'!M20+'Total Notebooks (Final)'!R20+'Total Notebooks (Final)'!W20 -> 27 | G20: ='Total Notebooks (Final)'!I20+'Total Notebooks (Final)'!N20+'Total Notebooks (Final)'!S20+'Total Notebooks (Final)'!X20 -> 27 | H20: ='Total Notebooks (Final)'!Z20+'Total Notebooks (Final)'!AB20+'Total Notebooks (Final)'!AD20+'Total Notebooks (Final)'!AF20+'Total Notebooks (Final)'!AH20+'Total Notebooks (Final)'!AK20 -> 240 | I20: ='Total Notebooks (Final)'!AI20+'Total Notebooks (Final)'!AL20 -> 0 | J20: =SUM(D20:I20) -> 348
A21: 19 | B21: Belgaum | C21: KHPS Majati | D21: ='Total Notebooks (Final)'!F21+'Total Notebooks (Final)'!K21+'Total Notebooks (Final)'!P21+'Total Notebooks (Final)'!U21 -> 134 | E21: ='Total Notebooks (Final)'!G21+'Total Notebooks (Final)'!L21+'Total Notebooks (Final)'!Q21+'Total Notebooks (Final)'!V21 -> 134 | F21: ='Total Notebooks (Final)'!H21+'Total Notebooks (Final)'!M21+'Total Notebooks (Final)'!R21+'Total Notebooks (Final)'!W21 -> 134 | G21: ='Total Notebooks (Final)'!I21+'Total Notebooks (Final)'!N21+'Total Notebooks (Final)'!S21+'Total Notebooks (Final)'!X21 -> 134 | H21: ='Total Notebooks (Final)'!Z21+'Total Notebooks (Final)'!AB21+'Total Notebooks (Final)'!AD21+'Total Notebooks (Final)'!AF21+'Total Notebooks (Final)'!AH21+'Total Notebooks (Final)'!AK21 -> 840 | I21: ='Total Notebooks (Final)'!AI21+'Total Notebooks (Final)'!AL21 -> 0 | J21: =SUM(D21:I21) -> 1376
... A31: 29 | B31: Belgaum | C31: KHPS Daddi | D31: ='Total Notebooks (Final)'!F31+'Total Notebooks (Final)'!K31+'Total Notebooks (Final)'!P31+'Total Notebooks (Final)'!U31 -> 85 | E31: ='Total Notebooks (Final)'!G31+'Total Notebooks (Final)'!L31+'Total Notebooks (Final)'!Q31+'Total Notebooks (Final)'!V31 -> 85 | F31: ='Total Notebooks (Final)'!H31+'Total Notebooks (Final)'!M31+'Total Notebooks (Final)'!R31+'Total Notebooks (Final)'!W31 -> 85 | G31: ='Total Notebooks (Final)'!I31+'Total Notebooks (Final)'!N31+'Total Notebooks (Final)'!S31+'Total Notebooks (Final)'!X31 -> 85 | H31: ='Total Notebooks (Final)'!Z31+'Total Notebooks (Final)'!AB31+'Total Notebooks (Final)'!AD31+'Total Notebooks (Final)'!AF31+'Total Notebooks (Final)'!AH31+'Total Notebooks (Final)'!AK31 -> 536 | I31: ='Total Notebooks (Final)'!AI31+'Total Notebooks (Final)'!AL31 -> 0 | J31: =SUM(D31:I31) -> 876
B32: Hubballi | C32: GHPS Managundi | D32: ='Total Notebooks (Final)'!F32+'Total Notebooks (Final)'!K32+'Total Notebooks (Final)'!P32+'Total Notebooks (Final)'!U32 -> 206 | E32: ='Total Notebooks (Final)'!G32+'Total Notebooks (Final)'!L32+'Total Notebooks (Final)'!Q32+'Total Notebooks (Final)'!V32 -> 206 | F32: ='Total Notebooks (Final)'!H32+'Total Notebooks (Final)'!M32+'Total Notebooks (Final)'!R32+'Total Notebooks (Final)'!W32 -> 206 | G32: ='Total Notebooks (Final)'!I32+'Total Notebooks (Final)'!N32+'Total Notebooks (Final)'!S32+'Total Notebooks (Final)'!X32 -> 206 | H32: ='Total Notebooks (Final)'!Z32+'Total Notebooks (Final)'!AB32+'Total Notebooks (Final)'!AD32+'Total Notebooks (Final)'!AF32+'Total Notebooks (Final)'!AH32+'Total Notebooks (Final)'!AK32 -> 1120 | I32: ='Total Notebooks (Final)'!AI32+'Total Notebooks (Final)'!AL32 -> 0 | J32: =SUM(D32:I32) -> 1944
A33: 31 | B33: Hubballi | C33: GHS Managundi | D33: ='Total Notebooks (Final)'!F33+'Total Notebooks (Final)'!K33+'Total Notebooks (Final)'!P33+'Total Notebooks (Final)'!U33 -> 0 | E33: ='Total Notebooks (Final)'!G33+'Total Notebooks (Final)'!L33+'Total Notebooks (Final)'!Q33+'Total Notebooks (Final)'!V33 -> 0 | F33: ='Total Notebooks (Final)'!H33+'Total Notebooks (Final)'!M33+'Total Notebooks (Final)'!R33+'Total Notebooks (Final)'!W33 -> 0 | G33: ='Total Notebooks (Final)'!I33+'Total Notebooks (Final)'!N33+'Total Notebooks (Final)'!S33+'Total Notebooks (Final)'!X33 -> 0 | H33: ='Total Notebooks (Final)'!Z33+'Total Notebooks (Final)'!AB33+'Total Notebooks (Final)'!AD33+'Total Notebooks (Final)'!AF33+'Total Notebooks (Final)'!AH33+'Total Notebooks (Final)'!AK33 -> 1752 | I33: ='Total Notebooks (Final)'!AI33+'Total Notebooks (Final)'!AL33 -> 688 | J33: =SUM(D33:I33) -> 2440
A34: 32 | B34: Hubballi | C34: GHPS Yarikoppa | D34: ='Total Notebooks (Final)'!F34+'Total Notebooks (Final)'!K34+'Total Notebooks (Final)'!P34+'Total Notebooks (Final)'!U34 -> 67 | E34: ='Total Notebooks (Final)'!G34+'Total Notebooks (Final)'!L34+'Total Notebooks (Final)'!Q34+'Total Notebooks (Final)'!V34 -> 67 | F34: ='Total Notebooks (Final)'!H34+'Total Notebooks (Final)'!M34+'Total Notebooks (Final)'!R34+'Total Notebooks (Final)'!W34 -> 67 | G34: ='Total Notebooks (Final)'!I34+'Total Notebooks (Final)'!N34+'Total Notebooks (Final)'!S34+'Total Notebooks (Final)'!X34 -> 67 | H34: ='Total Notebooks (Final)'!Z34+'Total Notebooks (Final)'!AB34+'Total Notebooks (Final)'!AD34+'Total Notebooks (Final)'!AF34+'Total Notebooks (Final)'!AH34+'Total Notebooks (Final)'!AK34 -> 840 | I34: ='Total Notebooks (Final)'!AI34+'Total Notebooks (Final)'!AL34 -> 0 | J34: =SUM(D34:I34) -> 1108
A35: 33 | B35: Hubballi | C35: GHS Yarikoppa | D35: ='Total Notebooks (Final)'!F35+'Total Notebooks (Final)'!K35+'Total Notebooks (Final)'!P35+'Total Notebooks (Final)'!U35 -> 0 | E35: ='Total Notebooks (Final)'!G35+'Total Notebooks (Final)'!L35+'Total Notebooks (Final)'!Q35+'Total Notebooks (Final)'!V35 -> 0 | F35: ='Total Notebooks (Final)'!H35+'Total Notebooks (Final)'!M35+'Total Notebooks (Final)'!R35+'Total Notebooks (Final)'!W35 -> 0 | G35: ='Total Notebooks (Final)'!I35+'Total Notebooks (Final)'!N35+'Total Notebooks (Final)'!S35+'Total Notebooks (Final)'!X35 -> 0 | H35: ='Total Notebooks (Final)'!Z35+'Total Notebooks (Final)'!AB35+'Total Notebooks (Final)'!AD35+'Total Notebooks (Final)'!AF35+'Total Notebooks (Final)'!AH35+'Total Notebooks (Final)'!AK35 -> 1424 | I35: ='Total Notebooks (Final)'!AI35+'Total Notebooks (Final)'!AL35 -> 532 | J35: =SUM(D35:I35) -> 1956
A36: 40 | B36: Hubballi | C36: KHPS Hosur | D36: ='Total Notebooks (Final)'!F36+'Total Notebooks (Final)'!K36+'Total Notebooks (Final)'!P36+'Total Notebooks (Final)'!U36 -> 140 | E36: ='Total Notebooks (Final)'!G36+'Total Notebooks (Final)'!L36+'Total Notebooks (Final)'!Q36+'Total Notebooks (Final)'!V36 -> 140 | F36: ='Total Notebooks (Final)'!H36+'Total Notebooks (Final)'!M36+'Total Notebooks (Final)'!R36+'Total Notebooks (Final)'!W36 -> 140 | G36: ='Total Notebooks (Final)'!I36+'Total Notebooks (Final)'!N36+'Total Notebooks (Final)'!S36+'Total Notebooks (Final)'!X36 -> 140 | H36: ='Total Notebooks (Final)'!Z36+'Total Notebooks (Final)'!AB36+'Total Notebooks (Final)'!AD36+'Total Notebooks (Final)'!AF36+'Total Notebooks (Final)'!AH36+'Total Notebooks (Final)'!AK36 -> 896 | I36: ='Total Notebooks (Final)'!AI36+'Total Notebooks (Final)'!AL36 -> 0 | J36: =SUM(D36:I36) -> 1456
A37: 41 | B37: Belgaum | C37: Hebbal Boys School | D37: ='Total Notebooks (Final)'!F37+'Total Notebooks (Final)'!K37+'Total Notebooks (Final)'!P37+'Total Notebooks (Final)'!U37 -> 45 | E37: ='Total Notebooks (Final)'!G37+'Total Notebooks (Final)'!L37+'Total Notebooks (Final)'!Q37+'Total Notebooks (Final)'!V37 -> 45 | F37: ='Total Notebooks (Final)'!H37+'Total Notebooks (Final)'!M37+'Total Notebooks (Final)'!R37+'Total Notebooks (Final)'!W37 -> 45 | G37: ='Total Notebooks (Final)'!I37+'Total Notebooks (Final)'!N37+'Total Notebooks (Final)'!S37+'Total Notebooks (Final)'!X37 -> 45 | H37: ='Total Notebooks (Final)'!Z37+'Total Notebooks (Final)'!AB37+'Total Notebooks (Final)'!AD37+'Total Notebooks (Final)'!AF37+'Total Notebooks (Final)'!AH37+'Total Notebooks (Final)'!AK37 -> 536 | I37: ='Total Notebooks (Final)'!AI37+'Total Notebooks (Final)'!AL37 -> 0 | J37: =SUM(D37:I37) -> 716
A38: 34 | B38: Belgaum | C38: Hebbal Girls School | D38: ='Total Notebooks (Final)'!F38+'Total Notebooks (Final)'!K38+'Total Notebooks (Final)'!P38+'Total Notebooks (Final)'!U38 -> 70 | E38: ='Total Notebooks (Final)'!G38+'Total Notebooks (Final)'!L38+'Total Notebooks (Final)'!Q38+'Total Notebooks (Final)'!V38 -> 70 | F38: ='Total Notebooks (Final)'!H38+'Total Notebooks (Final)'!M38+'Total Notebooks (Final)'!R38+'Total Notebooks (Final)'!W38 -> 70 | G38: ='Total Notebooks (Final)'!I38+'Total Notebooks (Final)'!N38+'Total Notebooks (Final)'!S38+'Total Notebooks (Final)'!X38 -> 70 | H38: ='Total Notebooks (Final)'!Z38+'Total Notebooks (Final)'!AB38+'Total Notebooks (Final)'!AD38+'Total Notebooks (Final)'!AF38+'Total Notebooks (Final)'!AH38+'Total Notebooks (Final)'!AK38 -> 456 | I38: ='Total Notebooks (Final)'!AI38+'Total Notebooks (Final)'!AL38 -> 0 | J38: =SUM(D38:I38) -> 736
A39: 35 | B39: Belgaum | C39: KHPS Bidrewadi | D39: ='Total Notebooks (Final)'!F39+'Total Notebooks (Final)'!K39+'Total Notebooks (Final)'!P39+'Total Notebooks (Final)'!U39 -> 65 | E39: ='Total Notebooks (Final)'!G39+'Total Notebooks (Final)'!L39+'Total Notebooks (Final)'!Q39+'Total Notebooks (Final)'!V39 -> 65 | F39: ='Total Notebooks (Final)'!H39+'Total Notebooks (Final)'!M39+'Total Notebooks (Final)'!R39+'Total Notebooks (Final)'!W39 -> 65 | G39: ='Total Notebooks (Final)'!I39+'Total Notebooks (Final)'!N39+'Total Notebooks (Final)'!S39+'Total Notebooks (Final)'!X39 -> 65 | H39: ='Total Notebooks (Final)'!Z39+'Total Notebooks (Final)'!AB39+'Total Notebooks (Final)'!AD39+'Total Notebooks (Final)'!AF39+'Total Notebooks (Final)'!AH39+'Total Notebooks (Final)'!AK39 -> 488 | I39: ='Total Notebooks (Final)'!AI39+'Total Notebooks (Final)'!AL39 -> 0 | J39: =SUM(D39:I39) -> 748
A40: 36 | B40: Belgaum | C40: KHPS Vaarimastiholli | D40: ='Total Notebooks (Final)'!F40+'Total Notebooks (Final)'!K40+'Total Notebooks (Final)'!P40+'Total Notebooks (Final)'!U40 -> 32 | E40: ='Total Notebooks (Final)'!G40+'Total Notebooks (Final)'!L40+'Total Notebooks (Final)'!Q40+'Total Notebooks (Final)'!V40 -> 32 | F40: ='Total Notebooks (Final)'!H40+'Total Notebooks (Final)'!M40+'Total Notebooks (Final)'!R40+'Total Notebooks (Final)'!W40 -> 32 | G40: ='Total Notebooks (Final)'!I40+'Total Notebooks (Final)'!N40+'Total Notebooks (Final)'!S40+'Total Notebooks (Final)'!X40 -> 32 | H40: ='Total Notebooks (Final)'!Z40+'Total Notebooks (Final)'!AB40+'Total Notebooks (Final)'!AD40+'Total Notebooks (Final)'!AF40+'Total Notebooks (Final)'!AH40+'Total Notebooks (Final)'!AK40 -> 272 | I40: ='Total Notebooks (Final)'!AI40+'Total Notebooks (Final)'!AL40 -> 0 | J40: =SUM(D40:I40) -> 400
A41: 37 | B41: Belgaum | C41: UHPS Ullagadikhanapur | D41: ='Total Notebooks (Final)'!F41+'Total Notebooks (Final)'!K41+'Total Notebooks (Final)'!P41+'Total Notebooks (Final)'!U41 -> 119 | E41: ='Total Notebooks (Final)'!G41+'Total Notebooks (Final)'!L41+'Total Notebooks (Final)'!Q41+'Total Notebooks (Final)'!V41 -> 119 | F41: ='Total Notebooks (Final)'!H41+'Total Notebooks (Final)'!M41+'Total Notebooks (Final)'!R41+'Total Notebooks (Final)'!W41 -> 119 | G41: ='Total Notebooks (Final)'!I41+'Total Notebooks (Final)'!N41+'Total Notebooks (Final)'!S41+'Total Notebooks (Final)'!X41 -> 119 | H41: ='Total Notebooks (Final)'!Z41+'Total Notebooks (Final)'!AB41+'Total Notebooks (Final)'!AD41+'Total Notebooks (Final)'!AF41+'Total Notebooks (Final)'!AH41+'Total Notebooks (Final)'!AK41 -> 664 | I41: ='Total Notebooks (Final)'!AI41+'Total Notebooks (Final)'!AL41 -> 0 | J41: =SUM(D41:I41) -> 1140
A42: 38 | B42: Hubballi | C42: GHS Hosur | D42: ='Total Notebooks (Final)'!F42+'Total Notebooks (Final)'!K42+'Total Notebooks (Final)'!P42+'Total Notebooks (Final)'!U42 -> 0 | E42: ='Total Notebooks (Final)'!G42+'Total Notebooks (Final)'!L42+'Total Notebooks (Final)'!Q42+'Total Notebooks (Final)'!V42 -> 0 | F42: ='Total Notebooks (Final)'!H42+'Total Notebooks (Final)'!M42+'Total Notebooks (Final)'!R42+'Total Notebooks (Final)'!W42 -> 0 | G42: ='Total Notebooks (Final)'!I42+'Total Notebooks (Final)'!N42+'Total Notebooks (Final)'!S42+'Total Notebooks (Final)'!X42 -> 0 | H42: ='Total Notebooks (Final)'!Z42+'Total Notebooks (Final)'!AB42+'Total Notebooks (Final)'!AD42+'Total Notebooks (Final)'!AF42+'Total Notebooks (Final)'!AH42+'Total Notebooks (Final)'!AK42 -> 1024 | I42: ='Total Notebooks (Final)'!AI42+'Total Notebooks (Final)'!AL42 -> 360 | J42: =SUM(D42:I42) -> 1384
A43: 39 | B43: Hubballi | C43: GHS Itigatti Hubballi | D43: ='Total Notebooks (Final)'!F43+'Total Notebooks (Final)'!K43+'Total Notebooks (Final)'!P43+'Total Notebooks (Final)'!U43 -> 0 | E43: ='Total Notebooks (Final)'!G43+'Total Notebooks (Final)'!L43+'Total Notebooks (Final)'!Q43+'Total Notebooks (Final)'!V43 -> 0 | F43: ='Total Notebooks (Final)'!H43+'Total Notebooks (Final)'!M43+'Total Notebooks (Final)'!R43+'Total Notebooks (Final)'!W43 -> 0 | G43: ='Total Notebooks (Final)'!I43+'Total Notebooks (Final)'!N43+'Total Notebooks (Final)'!S43+'Total Notebooks (Final)'!X43 -> 0 | H43: ='Total Notebooks (Final)'!Z43+'Total Notebooks (Final)'!AB43+'Total Notebooks (Final)'!AD43+'Total Notebooks (Final)'!AF43+'Total Notebooks (Final)'!AH43+'Total Notebooks (Final)'!AK43 -> 1232 | I43: ='Total Notebooks (Final)'!AI43+'Total Notebooks (Final)'!AL43 -> 416 | J43: =SUM(D43:I43) -> 1648
A44: 42 | B44: Belgaum | C44: KHPS Chikkaldinni | D44: ='Total Notebooks (Final)'!F44+'Total Notebooks (Final)'!K44+'Total Notebooks (Final)'!P44+'Total Notebooks (Final)'!U44 -> 63 | E44: ='Total Notebooks (Final)'!G44+'Total Notebooks (Final)'!L44+'Total Notebooks (Final)'!Q44+'Total Notebooks (Final)'!V44 -> 63 | F44: ='Total Notebooks (Final)'!H44+'Total Notebooks (Final)'!M44+'Total Notebooks (Final)'!R44+'Total Notebooks (Final)'!W44 -> 63 | G44: ='Total Notebooks (Final)'!I44+'Total Notebooks (Final)'!N44+'Total Notebooks (Final)'!S44+'Total Notebooks (Final)'!X44 -> 63 | H44: ='Total Notebooks (Final)'!Z44+'Total Notebooks (Final)'!AB44+'Total Notebooks (Final)'!AD44+'Total Notebooks (Final)'!AF44+'Total Notebooks (Final)'!AH44+'Total Notebooks (Final)'!AK44 -> 744 | I44: ='Total Notebooks (Final)'!AI44+'Total Notebooks (Final)'!AL44 -> 0 | J44: =SUM(D44:I44) -> 996
... A51: 49 | B51: Belgaum | C51: KHPS Kurniwadi | D51: ='Total Notebooks (Final)'!F51+'Total Notebooks (Final)'!K51+'Total Notebooks (Final)'!P51+'Total Notebooks (Final)'!U51 -> 80 | E51: ='Total Notebooks (Final)'!G51+'Total Notebooks (Final)'!L51+'Total Notebooks (Final)'!Q51+'Total Notebooks (Final)'!V51 -> 80 | F51: ='Total Notebooks (Final)'!H51+'Total Notebooks (Final)'!M51+'Total Notebooks (Final)'!R51+'Total Notebooks (Final)'!W51 -> 80 | G51: ='Total Notebooks (Final)'!I51+'Total Notebooks (Final)'!N51+'Total Notebooks (Final)'!S51+'Total Notebooks (Final)'!X51 -> 80 | H51: ='Total Notebooks (Final)'!Z51+'Total Notebooks (Final)'!AB51+'Total Notebooks (Final)'!AD51+'Total Notebooks (Final)'!AF51+'Total Notebooks (Final)'!AH51+'Total Notebooks (Final)'!AK51 -> 696 | I51: ='Total Notebooks (Final)'!AI51+'Total Notebooks (Final)'!AL51 -> 0 | J51: =SUM(D51:I51) -> 1016
A52: 50 | B52: Belgaum | D52: ='Total Notebooks (Final)'!F52+'Total Notebooks (Final)'!K52+'Total Notebooks (Final)'!P52+'Total Notebooks (Final)'!U52 -> 49 | E52: ='Total Notebooks (Final)'!G52+'Total Notebooks (Final)'!L52+'Total Notebooks (Final)'!Q52+'Total Notebooks (Final)'!V52 -> 49 | F52: ='Total Notebooks (Final)'!H52+'Total Notebooks (Final)'!M52+'Total Notebooks (Final)'!R52+'Total Notebooks (Final)'!W52 -> 49 | G52: ='Total Notebooks (Final)'!I52+'Total Notebooks (Final)'!N52+'Total Notebooks (Final)'!S52+'Total Notebooks (Final)'!X52 -> 49 | H52: ='Total Notebooks (Final)'!Z52+'Total Notebooks (Final)'!AB52+'Total Notebooks (Final)'!AD52+'Total Notebooks (Final)'!AF52+'Total Notebooks (Final)'!AH52+'Total Notebooks (Final)'!AK52 -> 2648 | I52: ='Total Notebooks (Final)'!AI52+'Total Notebooks (Final)'!AL52 -> 704 | J52: =SUM(D52:I52) -> 3548
A53: 51 | B53: Belgaum | C53: KHPS Jinaral | D53: ='Total Notebooks (Final)'!F53+'Total Notebooks (Final)'!K53+'Total Notebooks (Final)'!P53+'Total Notebooks (Final)'!U53 -> 53 | E53: ='Total Notebooks (Final)'!G53+'Total Notebooks (Final)'!L53+'Total Notebooks (Final)'!Q53+'Total Notebooks (Final)'!V53 -> 53 | F53: ='Total Notebooks (Final)'!H53+'Total Notebooks (Final)'!M53+'Total Notebooks (Final)'!R53+'Total Notebooks (Final)'!W53 -> 53 | G53: ='Total Notebooks (Final)'!I53+'Total Notebooks (Final)'!N53+'Total Notebooks (Final)'!S53+'Total Notebooks (Final)'!X53 -> 53 | H53: ='Total Notebooks (Final)'!Z53+'Total Notebooks (Final)'!AB53+'Total Notebooks (Final)'!AD53+'Total Notebooks (Final)'!AF53+'Total Notebooks (Final)'!AH53+'Total Notebooks (Final)'!AK53 -> 448 | I53: ='Total Notebooks (Final)'!AI53+'Total Notebooks (Final)'!AL53 -> 0 | J53: =SUM(D53:I53) -> 660
A54: 52 | B54: Hubballi | C54: GHPS Nigadi | D54: ='Total Notebooks (Final)'!F54+'Total Notebooks (Final)'!K54+'Total Notebooks (Final)'!P54+'Total Notebooks (Final)'!U54 -> 71 | E54: ='Total Notebooks (Final)'!G54+'Total Notebooks (Final)'!L54+'Total Notebooks (Final)'!Q54+'Total Notebooks (Final)'!V54 -> 71 | F54: ='Total Notebooks (Final)'!H54+'Total Notebooks (Final)'!M54+'Total Notebooks (Final)'!R54+'Total Notebooks (Final)'!W54 -> 71 | G54: ='Total Notebooks (Final)'!I54+'Total Notebooks (Final)'!N54+'Total Notebooks (Final)'!S54+'Total Notebooks (Final)'!X54 -> 71 | H54: ='Total Notebooks (Final)'!Z54+'Total Notebooks (Final)'!AB54+'Total Notebooks (Final)'!AD54+'Total Notebooks (Final)'!AF54+'Total Notebooks (Final)'!AH54+'Total Notebooks (Final)'!AK54 -> 704 | I54: ='Total Notebooks (Final)'!AI54+'Total Notebooks (Final)'!AL54 -> 0 | J54: =SUM(D54:I54) -> 988
A55: 53 | B55: Hubballi | C55: GHPS Gamanagatti | D55: ='Total Notebooks (Final)'!F55+'Total Notebooks (Final)'!K55+'Total Notebooks (Final)'!P55+'Total Notebooks (Final)'!U55 -> 149 | E55: ='Total Notebooks (Final)'!G55+'Total Notebooks (Final)'!L55+'Total Notebooks (Final)'!Q55+'Total Notebooks (Final)'!V55 -> 149 | F55: ='Total Notebooks (Final)'!H55+'Total Notebooks (Final)'!M55+'Total Notebooks (Final)'!R55+'Total Notebooks (Final)'!W55 -> 149 | G55: ='Total Notebooks (Final)'!I55+'Total Notebooks (Final)'!N55+'Total Notebooks (Final)'!S55+'Total Notebooks (Final)'!X55 -> 149 | H55: ='Total Notebooks (Final)'!Z55+'Total Notebooks (Final)'!AB55+'Total Notebooks (Final)'!AD55+'Total Notebooks (Final)'!AF55+'Total Notebooks (Final)'!AH55+'Total Notebooks (Final)'!AK55 -> 1672 | I55: ='Total Notebooks (Final)'!AI55+'Total Notebooks (Final)'!AL55 -> 0 | J55: =SUM(D55:I55) -> 2268
A56: 54 | B56: Hubballi | C56: KHPBS Yellimunnolli | D56: ='Total Notebooks (Final)'!F56+'Total Notebooks (Final)'!K56+'Total Notebooks (Final)'!P56+'Total Notebooks (Final)'!U56 -> 15 | E56: ='Total Notebooks (Final)'!G56+'Total Notebooks (Final)'!L56+'Total Notebooks (Final)'!Q56+'Total Notebooks (Final)'!V56 -> 15 | F56: ='Total Notebooks (Final)'!H56+'Total Notebooks (Final)'!M56+'Total Notebooks (Final)'!R56+'Total Notebooks (Final)'!W56 -> 15 | G56: ='Total Notebooks (Final)'!I56+'Total Notebooks (Final)'!N56+'Total Notebooks (Final)'!S56+'Total Notebooks (Final)'!X56 -> 15 | H56: ='Total Notebooks (Final)'!Z56+'Total Notebooks (Final)'!AB56+'Total Notebooks (Final)'!AD56+'Total Notebooks (Final)'!AF56+'Total Notebooks (Final)'!AH56+'Total Notebooks (Final)'!AK56 -> 192 | I56: ='Total Notebooks (Final)'!AI56+'Total Notebooks (Final)'!AL56 -> 0 | J56: =SUM(D56:I56) -> 252
A57: 55 | B57: Hubballi | C57: KHPGS Yellimunnolli | D57: ='Total Notebooks (Final)'!F57+'Total Notebooks (Final)'!K57+'Total Notebooks (Final)'!P57+'Total Notebooks (Final)'!U57 -> 33 | E57: ='Total Notebooks (Final)'!G57+'Total Notebooks (Final)'!L57+'Total Notebooks (Final)'!Q57+'Total Notebooks (Final)'!V57 -> 33 | F57: ='Total Notebooks (Final)'!H57+'Total Notebooks (Final)'!M57+'Total Notebooks (Final)'!R57+'Total Notebooks (Final)'!W57 -> 33 | G57: ='Total Notebooks (Final)'!I57+'Total Notebooks (Final)'!N57+'Total Notebooks (Final)'!S57+'Total Notebooks (Final)'!X57 -> 33 | H57: ='Total Notebooks (Final)'!Z57+'Total Notebooks (Final)'!AB57+'Total Notebooks (Final)'!AD57+'Total Notebooks (Final)'!AF57+'Total Notebooks (Final)'!AH57+'Total Notebooks (Final)'!AK57 -> 320 | I57: ='Total Notebooks (Final)'!AI57+'Total Notebooks (Final)'!AL57 -> 0 | J57: =SUM(D57:I57) -> 452
A58: 56 | B58: Belgaum | C58: KHPS Hosaiddalhonda | D58: ='Total Notebooks (Final)'!F58+'Total Notebooks (Final)'!K58+'Total Notebooks (Final)'!P58+'Total Notebooks (Final)'!U58 -> 51 | E58: ='Total Notebooks (Final)'!G58+'Total Notebooks (Final)'!L58+'Total Notebooks (Final)'!Q58+'Total Notebooks (Final)'!V58 -> 51 | F58: ='Total Notebooks (Final)'!H58+'Total Notebooks (Final)'!M58+'Total Notebooks (Final)'!R58+'Total Notebooks (Final)'!W58 -> 51 | G58: ='Total Notebooks (Final)'!I58+'Total Notebooks (Final)'!N58+'Total Notebooks (Final)'!S58+'Total Notebooks (Final)'!X58 -> 51 | H58: ='Total Notebooks (Final)'!Z58+'Total Notebooks (Final)'!AB58+'Total Notebooks (Final)'!AD58+'Total Notebooks (Final)'!AF58+'Total Notebooks (Final)'!AH58+'Total Notebooks (Final)'!AK58 -> 672 | I58: ='Total Notebooks (Final)'!AI58+'Total Notebooks (Final)'!AL58 -> 0 | J58: =SUM(D58:I58) -> 876
A59: 57 | B59: Belgaum | C59: KHPS Rajakatti | D59: ='Total Notebooks (Final)'!F59+'Total Notebooks (Final)'!K59+'Total Notebooks (Final)'!P59+'Total Notebooks (Final)'!U59 -> 155 | E59: ='Total Notebooks (Final)'!G59+'Total Notebooks (Final)'!L59+'Total Notebooks (Final)'!Q59+'Total Notebooks (Final)'!V59 -> 155 | F59: ='Total Notebooks (Final)'!H59+'Total Notebooks (Final)'!M59+'Total Notebooks (Final)'!R59+'Total Notebooks (Final)'!W59 -> 155 | G59: ='Total Notebooks (Final)'!I59+'Total Notebooks (Final)'!N59+'Total Notebooks (Final)'!S59+'Total Notebooks (Final)'!X59 -> 155 | H59: ='Total Notebooks (Final)'!Z59+'Total Notebooks (Final)'!AB59+'Total Notebooks (Final)'!AD59+'Total Notebooks (Final)'!AF59+'Total Notebooks (Final)'!AH59+'Total Notebooks (Final)'!AK59 -> 1000 | I59: ='Total Notebooks (Final)'!AI59+'Total Notebooks (Final)'!AL59 -> 0 | J59: =SUM(D59:I59) -> 1620
A60: 58 | B60: Hubballi | C60: GHPS Gandinagar | D60: ='Total Notebooks (Final)'!F60+'Total Notebooks (Final)'!K60+'Total Notebooks (Final)'!P60+'Total Notebooks (Final)'!U60 -> 127 | E60: ='Total Notebooks (Final)'!G60+'Total Notebooks (Final)'!L60+'Total Notebooks (Final)'!Q60+'Total Notebooks (Final)'!V60 -> 127 | F60: ='Total Notebooks (Final)'!H60+'Total Notebooks (Final)'!M60+'Total Notebooks (Final)'!R60+'Total Notebooks (Final)'!W60 -> 127 | G60: ='Total Notebooks (Final)'!I60+'Total Notebooks (Final)'!N60+'Total Notebooks (Final)'!S60+'Total Notebooks (Final)'!X60 -> 127 | H60: ='Total Notebooks (Final)'!Z60+'Total Notebooks (Final)'!AB60+'Total Notebooks (Final)'!AD60+'Total Notebooks (Final)'!AF60+'Total Notebooks (Final)'!AH60+'Total Notebooks (Final)'!AK60 -> 1336 | I60: ='Total Notebooks (Final)'!AI60+'Total Notebooks (Final)'!AL60 -> 0 | J60: =SUM(D60:I60) -> 1844
A61: 59 | B61: Hubballi | C61: KHPS Navanagar | D61: ='Total Notebooks (Final)'!F61+'Total Notebooks (Final)'!K61+'Total Notebooks (Final)'!P61+'Total Notebooks (Final)'!U61 -> 208 | E61: ='Total Notebooks (Final)'!G61+'Total Notebooks (Final)'!L61+'Total Notebooks (Final)'!Q61+'Total Notebooks (Final)'!V61 -> 208 | F61: ='Total Notebooks (Final)'!H61+'Total Notebooks (Final)'!M61+'Total Notebooks (Final)'!R61+'Total Notebooks (Final)'!W61 -> 208 | G61: ='Total Notebooks (Final)'!I61+'Total Notebooks (Final)'!N61+'Total Notebooks (Final)'!S61+'Total Notebooks (Final)'!X61 -> 208 | H61: ='Total Notebooks (Final)'!Z61+'Total Notebooks (Final)'!AB61+'Total Notebooks (Final)'!AD61+'Total Notebooks (Final)'!AF61+'Total Notebooks (Final)'!AH61+'Total Notebooks (Final)'!AK61 -> 1728 | I61: ='Total Notebooks (Final)'!AI61+'Total Notebooks (Final)'!AL61 -> 0 | J61: =SUM(D61:I61) -> 2560
A62: 60 | B62: Belgaum | C62: KHPS Bhutramatti | D62: ='Total Notebooks (Final)'!F62+'Total Notebooks (Final)'!K62+'Total Notebooks (Final)'!P62+'Total Notebooks (Final)'!U62 -> 161 | E62: ='Total Notebooks (Final)'!G62+'Total Notebooks (Final)'!L62+'Total Notebooks (Final)'!Q62+'Total Notebooks (Final)'!V62 -> 161 | F62: ='Total Notebooks (Final)'!H62+'Total Notebooks (Final)'!M62+'Total Notebooks (Final)'!R62+'Total Notebooks (Final)'!W62 -> 161 | G62: ='Total Notebooks (Final)'!I62+'Total Notebooks (Final)'!N62+'Total Notebooks (Final)'!S62+'Total Notebooks (Final)'!X62 -> 161 | H62: ='Total Notebooks (Final)'!Z62+'Total Notebooks (Final)'!AB62+'Total Notebooks (Final)'!AD62+'Total Notebooks (Final)'!AF62+'Total Notebooks (Final)'!AH62+'Total Notebooks (Final)'!AK62 -> 2296 | I62: ='Total Notebooks (Final)'!AI62+'Total Notebooks (Final)'!AL62 -> 300 | J62: =SUM(D62:I62) -> 3240
A63: 61 | B63: Belgaum | C63: KGS Kochari | D63: ='Total Notebooks (Final)'!F63+'Total Notebooks (Final)'!K63+'Total Notebooks (Final)'!P63+'Total Notebooks (Final)'!U63 -> 66 | E63: ='Total Notebooks (Final)'!G63+'Total Notebooks (Final)'!L63+'Total Notebooks (Final)'!Q63+'Total Notebooks (Final)'!V63 -> 66 | F63: ='Total Notebooks (Final)'!H63+'Total Notebooks (Final)'!M63+'Total Notebooks (Final)'!R63+'Total Notebooks (Final)'!W63 -> 66 | G63: ='Total Notebooks (Final)'!I63+'Total Notebooks (Final)'!N63+'Total Notebooks (Final)'!S63+'Total Notebooks (Final)'!X63 -> 66 | H63: ='Total Notebooks (Final)'!Z63+'Total Notebooks (Final)'!AB63+'Total Notebooks (Final)'!AD63+'Total Notebooks (Final)'!AF63+'Total Notebooks (Final)'!AH63+'Total Notebooks (Final)'!AK63 -> 584 | I63: ='Total Notebooks (Final)'!AI63+'Total Notebooks (Final)'!AL63 -> 0 | J63: =SUM(D63:I63) -> 848
A64: 62 | B64: Belgaum | C64: KBS Kochari | D64: ='Total Notebooks (Final)'!F64+'Total Notebooks (Final)'!K64+'Total Notebooks (Final)'!P64+'Total Notebooks (Final)'!U64 -> 46 | E64: ='Total Notebooks (Final)'!G64+'Total Notebooks (Final)'!L64+'Total Notebooks (Final)'!Q64+'Total Notebooks (Final)'!V64 -> 46 | F64: ='Total Notebooks (Final)'!H64+'Total Notebooks (Final)'!M64+'Total Notebooks (Final)'!R64+'Total Notebooks (Final)'!W64 -> 46 | G64: ='Total Notebooks (Final)'!I64+'Total Notebooks (Final)'!N64+'Total Notebooks (Final)'!S64+'Total Notebooks (Final)'!X64 -> 46 | H64: ='Total Notebooks (Final)'!Z64+'Total Notebooks (Final)'!AB64+'Total Notebooks (Final)'!AD64+'Total Notebooks (Final)'!AF64+'Total Notebooks (Final)'!AH64+'Total Notebooks (Final)'!AK64 -> 448 | I64: ='Total Notebooks (Final)'!AI64+'Total Notebooks (Final)'!AL64 -> 0 | J64: =SUM(D64:I64) -> 632
... A79: 77 | B79: Belgaum | C79: GKLPS Halemastiholi | D79: ='Total Notebooks (Final)'!F79+'Total Notebooks (Final)'!K79+'Total Notebooks (Final)'!P79+'Total Notebooks (Final)'!U79 -> 28 | E79: ='Total Notebooks (Final)'!G79+'Total Notebooks (Final)'!L79+'Total Notebooks (Final)'!Q79+'Total Notebooks (Final)'!V79 -> 28 | F79: ='Total Notebooks (Final)'!H79+'Total Notebooks (Final)'!M79+'Total Notebooks (Final)'!R79+'Total Notebooks (Final)'!W79 -> 28 | G79: ='Total Notebooks (Final)'!I79+'Total Notebooks (Final)'!N79+'Total Notebooks (Final)'!S79+'Total Notebooks (Final)'!X79 -> 28 | H79: ='Total Notebooks (Final)'!Z79+'Total Notebooks (Final)'!AB79+'Total Notebooks (Final)'!AD79+'Total Notebooks (Final)'!AF79+'Total Notebooks (Final)'!AH79+'Total Notebooks (Final)'!AK79 -> 72 | I79: ='Total Notebooks (Final)'!AI79+'Total Notebooks (Final)'!AL79 -> 0 | J79: =SUM(D79:I79) -> 184
A80: 78 | B80: Hubballi | D80: ='Total Notebooks (Final)'!F80+'Total Notebooks (Final)'!K80+'Total Notebooks (Final)'!P80+'Total Notebooks (Final)'!U80 -> 33 | E80: ='Total Notebooks (Final)'!G80+'Total Notebooks (Final)'!L80+'Total Notebooks (Final)'!Q80+'Total Notebooks (Final)'!V80 -> 33 | F80: ='Total Notebooks (Final)'!H80+'Total Notebooks (Final)'!M80+'Total Notebooks (Final)'!R80+'Total Notebooks (Final)'!W80 -> 33 | G80: ='Total Notebooks (Final)'!I80+'Total Notebooks (Final)'!N80+'Total Notebooks (Final)'!S80+'Total Notebooks (Final)'!X80 -> 33 | H80: ='Total Notebooks (Final)'!Z80+'Total Notebooks (Final)'!AB80+'Total Notebooks (Final)'!AD80+'Total Notebooks (Final)'!AF80+'Total Notebooks (Final)'!AH80+'Total Notebooks (Final)'!AK80 -> 384 | I80: ='Total Notebooks (Final)'!AI80+'Total Notebooks (Final)'!AL80 -> 0 | J80: =SUM(D80:I80) -> 516
A81: 79 | B81: Belgaum | C81: KHPS Gokul | D81: ='Total Notebooks (Final)'!F81+'Total Notebooks (Final)'!K81+'Total Notebooks (Final)'!P81+'Total Notebooks (Final)'!U81 -> 174 | E81: ='Total Notebooks (Final)'!G81+'Total Notebooks (Final)'!L81+'Total Notebooks (Final)'!Q81+'Total Notebooks (Final)'!V81 -> 174 | F81: ='Total Notebooks (Final)'!H81+'Total Notebooks (Final)'!M81+'Total Notebooks (Final)'!R81+'Total Notebooks (Final)'!W81 -> 174 | G81: ='Total Notebooks (Final)'!I81+'Total Notebooks (Final)'!N81+'Total Notebooks (Final)'!S81+'Total Notebooks (Final)'!X81 -> 174 | H81: ='Total Notebooks (Final)'!Z81+'Total Notebooks (Final)'!AB81+'Total Notebooks (Final)'!AD81+'Total Notebooks (Final)'!AF81+'Total Notebooks (Final)'!AH81+'Total Notebooks (Final)'!AK81 -> 1384 | I81: ='Total Notebooks (Final)'!AI81+'Total Notebooks (Final)'!AL81 -> 0 | J81: =SUM(D81:I81) -> 2080
A82: 80 | B82: Hubballi | C82: KHPGS Gavanal | D82: ='Total Notebooks (Final)'!F82+'Total Notebooks (Final)'!K82+'Total Notebooks (Final)'!P82+'Total Notebooks (Final)'!U82 -> 54 | E82: ='Total Notebooks (Final)'!G82+'Total Notebooks (Final)'!L82+'Total Notebooks (Final)'!Q82+'Total Notebooks (Final)'!V82 -> 54 | F82: ='Total Notebooks (Final)'!H82+'Total Notebooks (Final)'!M82+'Total Notebooks (Final)'!R82+'Total Notebooks (Final)'!W82 -> 54 | G82: ='Total Notebooks (Final)'!I82+'Total Notebooks (Final)'!N82+'Total Notebooks (Final)'!S82+'Total Notebooks (Final)'!X82 -> 54 | H82: ='Total Notebooks (Final)'!Z82+'Total Notebooks (Final)'!AB82+'Total Notebooks (Final)'!AD82+'Total Notebooks (Final)'!AF82+'Total Notebooks (Final)'!AH82+'Total Notebooks (Final)'!AK82 -> 376 | I82: ='Total Notebooks (Final)'!AI82+'Total Notebooks (Final)'!AL82 -> 0 | J82: =SUM(D82:I82) -> 592
A83: 81 | B83: Belgaum | C83: KHPS Hirasugar | D83: ='Total Notebooks (Final)'!F83+'Total Notebooks (Final)'!K83+'Total Notebooks (Final)'!P83+'Total Notebooks (Final)'!U83 -> 74 | E83: ='Total Notebooks (Final)'!G83+'Total Notebooks (Final)'!L83+'Total Notebooks (Final)'!Q83+'Total Notebooks (Final)'!V83 -> 74 | F83: ='Total Notebooks (Final)'!H83+'Total Notebooks (Final)'!M83+'Total Notebooks (Final)'!R83+'Total Notebooks (Final)'!W83 -> 74 | G83: ='Total Notebooks (Final)'!I83+'Total Notebooks (Final)'!N83+'Total Notebooks (Final)'!S83+'Total Notebooks (Final)'!X83 -> 74 | H83: ='Total Notebooks (Final)'!Z83+'Total Notebooks (Final)'!AB83+'Total Notebooks (Final)'!AD83+'Total Notebooks (Final)'!AF83+'Total Notebooks (Final)'!AH83+'Total Notebooks (Final)'!AK83 -> 616 | I83: ='Total Notebooks (Final)'!AI83+'Total Notebooks (Final)'!AL83 -> 0 | J83: =SUM(D83:I83) -> 912
A84: 82 | B84: Belgaum | C84: KHPBS Kurani | D84: ='Total Notebooks (Final)'!F84+'Total Notebooks (Final)'!K84+'Total Notebooks (Final)'!P84+'Total Notebooks (Final)'!U84 -> 50 | E84: ='Total Notebooks (Final)'!G84+'Total Notebooks (Final)'!L84+'Total Notebooks (Final)'!Q84+'Total Notebooks (Final)'!V84 -> 50 | F84: ='Total Notebooks (Final)'!H84+'Total Notebooks (Final)'!M84+'Total Notebooks (Final)'!R84+'Total Notebooks (Final)'!W84 -> 50 | G84: ='Total Notebooks (Final)'!I84+'Total Notebooks (Final)'!N84+'Total Notebooks (Final)'!S84+'Total Notebooks (Final)'!X84 -> 50 | H84: ='Total Notebooks (Final)'!Z84+'Total Notebooks (Final)'!AB84+'Total Notebooks (Final)'!AD84+'Total Notebooks (Final)'!AF84+'Total Notebooks (Final)'!AH84+'Total Notebooks (Final)'!AK84 -> 440 | I84: ='Total Notebooks (Final)'!AI84+'Total Notebooks (Final)'!AL84 -> 0 | J84: =SUM(D84:I84) -> 640
A85: 83 | B85: Belgaum | C85: KHPGS Kurani | D85: ='Total Notebooks (Final)'!F85+'Total Notebooks (Final)'!K85+'Total Notebooks (Final)'!P85+'Total Notebooks (Final)'!U85 -> 44 | E85: ='Total Notebooks (Final)'!G85+'Total Notebooks (Final)'!L85+'Total Notebooks (Final)'!Q85+'Total Notebooks (Final)'!V85 -> 44 | F85: ='Total Notebooks (Final)'!H85+'Total Notebooks (Final)'!M85+'Total Notebooks (Final)'!R85+'Total Notebooks (Final)'!W85 -> 44 | G85: ='Total Notebooks (Final)'!I85+'Total Notebooks (Final)'!N85+'Total Notebooks (Final)'!S85+'Total Notebooks (Final)'!X85 -> 44 | H85: ='Total Notebooks (Final)'!Z85+'Total Notebooks (Final)'!AB85+'Total Notebooks (Final)'!AD85+'Total Notebooks (Final)'!AF85+'Total Notebooks (Final)'!AH85+'Total Notebooks (Final)'!AK85 -> 432 | I85: ='Total Notebooks (Final)'!AI85+'Total Notebooks (Final)'!AL85 -> 0 | J85: =SUM(D85:I85) -> 608
A86: 84 | B86: Belgaum | C86: KHPS Beeranaholi | D86: ='Total Notebooks (Final)'!F86+'Total Notebooks (Final)'!K86+'Total Notebooks (Final)'!P86+'Total Notebooks (Final)'!U86 -> 115 | E86: ='Total Notebooks (Final)'!G86+'Total Notebooks (Final)'!L86+'Total Notebooks (Final)'!Q86+'Total Notebooks (Final)'!V86 -> 115 | F86: ='Total Notebooks (Final)'!H86+'Total Notebooks (Final)'!M86+'Total Notebooks (Final)'!R86+'Total Notebooks (Final)'!W86 -> 115 | G86: ='Total Notebooks (Final)'!I86+'Total Notebooks (Final)'!N86+'Total Notebooks (Final)'!S86+'Total Notebooks (Final)'!X86 -> 115 | H86: ='Total Notebooks (Final)'!Z86+'Total Notebooks (Final)'!AB86+'Total Notebooks (Final)'!AD86+'Total Notebooks (Final)'!AF86+'Total Notebooks (Final)'!AH86+'Total Notebooks (Final)'!AK86 -> 880 | I86: ='Total Notebooks (Final)'!AI86+'Total Notebooks (Final)'!AL86 -> 0 | J86: =SUM(D86:I86) -> 1340
A87: 85 | B87: Belgaum | C87: KHPS Islampur | D87: ='Total Notebooks (Final)'!F87+'Total Notebooks (Final)'!K87+'Total Notebooks (Final)'!P87+'Total Notebooks (Final)'!U87 -> 133 | E87: ='Total Notebooks (Final)'!G87+'Total Notebooks (Final)'!L87+'Total Notebooks (Final)'!Q87+'Total Notebooks (Final)'!V87 -> 133 | F87: ='Total Notebooks (Final)'!H87+'Total Notebooks (Final)'!M87+'Total Notebooks (Final)'!R87+'Total Notebooks (Final)'!W87 -> 133 | G87: ='Total Notebooks (Final)'!I87+'Total Notebooks (Final)'!N87+'Total Notebooks (Final)'!S87+'Total Notebooks (Final)'!X87 -> 133 | H87: ='Total Notebooks (Final)'!Z87+'Total Notebooks (Final)'!AB87+'Total Notebooks (Final)'!AD87+'Total Notebooks (Final)'!AF87+'Total Notebooks (Final)'!AH87+'Total Notebooks (Final)'!AK87 -> 1464 | I87: ='Total Notebooks (Final)'!AI87+'Total Notebooks (Final)'!AL87 -> 0 | J87: =SUM(D87:I87) -> 1996
A88: 86 | B88: Belgaum | C88: KHPS Guttaguddi | D88: ='Total Notebooks (Final)'!F88+'Total Notebooks (Final)'!K88+'Total Notebooks (Final)'!P88+'Total Notebooks (Final)'!U88 -> 141 | E88: ='Total Notebooks (Final)'!G88+'Total Notebooks (Final)'!L88+'Total Notebooks (Final)'!Q88+'Total Notebooks (Final)'!V88 -> 141 | F88: ='Total Notebooks (Final)'!H88+'Total Notebooks (Final)'!M88+'Total Notebooks (Final)'!R88+'Total Notebooks (Final)'!W88 -> 141 | G88: ='Total Notebooks (Final)'!I88+'Total Notebooks (Final)'!N88+'Total Notebooks (Final)'!S88+'Total Notebooks (Final)'!X88 -> 141 | H88: ='Total Notebooks (Final)'!Z88+'Total Notebooks (Final)'!AB88+'Total Notebooks (Final)'!AD88+'Total Notebooks (Final)'!AF88+'Total Notebooks (Final)'!AH88+'Total Notebooks (Final)'!AK88 -> 760 | I88: ='Total Notebooks (Final)'!AI88+'Total Notebooks (Final)'!AL88 -> 0 | J88: =SUM(D88:I88) -> 1324
A89: 87 | B89: Belgaum | C89: KHPS Haragapur | D89: ='Total Notebooks (Final)'!F89+'Total Notebooks (Final)'!K89+'Total Notebooks (Final)'!P89+'Total Notebooks (Final)'!U89 -> 70 | E89: ='Total Notebooks (Final)'!G89+'Total Notebooks (Final)'!L89+'Total Notebooks (Final)'!Q89+'Total Notebooks (Final)'!V89 -> 70 | F89: ='Total Notebooks (Final)'!H89+'Total Notebooks (Final)'!M89+'Total Notebooks (Final)'!R89+'Total Notebooks (Final)'!W89 -> 70 | G89: ='Total Notebooks (Final)'!I89+'Total Notebooks (Final)'!N89+'Total Notebooks (Final)'!S89+'Total Notebooks (Final)'!X89 -> 70 | H89: ='Total Notebooks (Final)'!Z89+'Total Notebooks (Final)'!AB89+'Total Notebooks (Final)'!AD89+'Total Notebooks (Final)'!AF89+'Total Notebooks (Final)'!AH89+'Total Notebooks (Final)'!AK89 -> 584 | I89: ='Total Notebooks (Final)'!AI89+'Total Notebooks (Final)'!AL89 -> 0 | J89: =SUM(D89:I89) -> 864
A90: 88 | B90: Belgaum | C90: KHPS Solapur | D90: ='Total Notebooks (Final)'!F90+'Total Notebooks (Final)'!K90+'Total Notebooks (Final)'!P90+'Total Notebooks (Final)'!U90 -> 111 | E90: ='Total Notebooks (Final)'!G90+'Total Notebooks (Final)'!L90+'Total Notebooks (Final)'!Q90+'Total Notebooks (Final)'!V90 -> 111 | F90: ='Total Notebooks (Final)'!H90+'Total Notebooks (Final)'!M90+'Total Notebooks (Final)'!R90+'Total Notebooks (Final)'!W90 -> 111 | G90: ='Total Notebooks (Final)'!I90+'Total Notebooks (Final)'!N90+'Total Notebooks (Final)'!S90+'Total Notebooks (Final)'!X90 -> 111 | H90: ='Total Notebooks (Final)'!Z90+'Total Notebooks (Final)'!AB90+'Total Notebooks (Final)'!AD90+'Total Notebooks (Final)'!AF90+'Total Notebooks (Final)'!AH90+'Total Notebooks (Final)'!AK90 -> 1048 | I90: ='Total Notebooks (Final)'!AI90+'Total Notebooks (Final)'!AL90 -> 0 | J90: =SUM(D90:I90) -> 1492
A91: 89 | B91: Belgaum | C91: Ghs Solapur | D91: ='Total Notebooks (Final)'!F91+'Total Notebooks (Final)'!K91+'Total Notebooks (Final)'!P91+'Total Notebooks (Final)'!U91 -> 0 | E91: ='Total Notebooks (Final)'!G91+'Total Notebooks (Final)'!L91+'Total Notebooks (Final)'!Q91+'Total Notebooks (Final)'!V91 -> 0 | F91: ='Total Notebooks (Final)'!H91+'Total Notebooks (Final)'!M91+'Total Notebooks (Final)'!R91+'Total Notebooks (Final)'!W91 -> 0 | G91: ='Total Notebooks (Final)'!I91+'Total Notebooks (Final)'!N91+'Total Notebooks (Final)'!S91+'Total Notebooks (Final)'!X91 -> 0 | H91: ='Total Notebooks (Final)'!Z91+'Total Notebooks (Final)'!AB91+'Total Notebooks (Final)'!AD91+'Total Notebooks (Final)'!AF91+'Total Notebooks (Final)'!AH91+'Total Notebooks (Final)'!AK91 -> 1096 | I91: ='Total Notebooks (Final)'!AI91+'Total Notebooks (Final)'!AL91 -> 360 | J91: =SUM(D91:I91) -> 1456
A92: 90 | B92: Belgaum | C92: MHPS Solapur | D92: ='Total Notebooks (Final)'!F92+'Total Notebooks (Final)'!K92+'Total Notebooks (Final)'!P92+'Total Notebooks (Final)'!U92 -> 32 | E92: ='Total Notebooks (Final)'!G92+'Total Notebooks (Final)'!L92+'Total Notebooks (Final)'!Q92+'Total Notebooks (Final)'!V92 -> 32 | F92: ='Total Notebooks (Final)'!H92+'Total Notebooks (Final)'!M92+'Total Notebooks (Final)'!R92+'Total Notebooks (Final)'!W92 -> 32 | G92: ='Total Notebooks (Final)'!I92+'Total Notebooks (Final)'!N92+'Total Notebooks (Final)'!S92+'Total Notebooks (Final)'!X92 -> 32 | H92: ='Total Notebooks (Final)'!Z92+'Total Notebooks (Final)'!AB92+'Total Notebooks (Final)'!AD92+'Total Notebooks (Final)'!AF92+'Total Notebooks (Final)'!AH92+'Total Notebooks (Final)'!AK92 -> 200 | I92: ='Total Notebooks (Final)'!AI92+'Total Notebooks (Final)'!AL92 -> 0 | J92: =SUM(D92:I92) -> 328
... A99: 97 | B99: Belgaum | C99: KHPS Kahvanewadi | D99: ='Total Notebooks (Final)'!F99+'Total Notebooks (Final)'!K99+'Total Notebooks (Final)'!P99+'Total Notebooks (Final)'!U99 -> 24 | E99: ='Total Notebooks (Final)'!G99+'Total Notebooks (Final)'!L99+'Total Notebooks (Final)'!Q99+'Total Notebooks (Final)'!V99 -> 24 | F99: ='Total Notebooks (Final)'!H99+'Total Notebooks (Final)'!M99+'Total Notebooks (Final)'!R99+'Total Notebooks (Final)'!W99 -> 24 | G99: ='Total Notebooks (Final)'!I99+'Total Notebooks (Final)'!N99+'Total Notebooks (Final)'!S99+'Total Notebooks (Final)'!X99 -> 24 | H99: ='Total Notebooks (Final)'!Z99+'Total Notebooks (Final)'!AB99+'Total Notebooks (Final)'!AD99+'Total Notebooks (Final)'!AF99+'Total Notebooks (Final)'!AH99+'Total Notebooks (Final)'!AK99 -> 144 | I99: ='Total Notebooks (Final)'!AI99+'Total Notebooks (Final)'!AL99 -> 0 | J99: =SUM(D99:I99) -> 240
A100: 98 | B100: Belgaum | C100: GHS Ullagadi Khanapur | D100: ='Total Notebooks (Final)'!F100+'Total Notebooks (Final)'!K100+'Total Notebooks (Final)'!P100+'Total Notebooks (Final)'!U100 -> 0 | E100: ='Total Notebooks (Final)'!G100+'Total Notebooks (Final)'!L100+'Total Notebooks (Final)'!Q100+'Total Notebooks (Final)'!V100 -> 0 | F100: ='Total Notebooks (Final)'!H100+'Total Notebooks (Final)'!M100+'Total Notebooks (Final)'!R100+'Total Notebooks (Final)'!W100 -> 0
A101: 99 | B101: Hubballi | C101: Ghps Kamalapur | D101: ='Total Notebooks (Final)'!F101+'Total Notebooks (Final)'!K101+'Total Notebooks (Final)'!P101+'Total Notebooks (Final)'!U101 -> 174 | E101: ='Total Notebooks (Final)'!G101+'Total Notebooks (Final)'!L101+'Total Notebooks (Final)'!Q101+'Total Notebooks (Final)'!V101 -> 174 | F101: ='Total Notebooks (Final)'!H101+'Total Notebooks (Final)'!M101+'Total Notebooks (Final)'!R101+'Total Notebooks (Final)'!W101 -> 174
A102: 100 | B102: Hubballi | C102: GHPS TCW Dharwad | D102: ='Total Notebooks (Final)'!F102+'Total Notebooks (Final)'!K102+'Total Notebooks (Final)'!P102+'Total Notebooks (Final)'!U102 -> 107 | E102: ='Total Notebooks (Final)'!G102+'Total Notebooks (Final)'!L102+'Total Notebooks (Final)'!Q102+'Total Notebooks (Final)'!V102 -> 107 | F102: ='Total Notebooks (Final)'!H102+'Total Notebooks (Final)'!M102+'Total Notebooks (Final)'!R102+'Total Notebooks (Final)'!W102 -> 107
A103: 101 | B103: Hubballi | C103: KHPS Tarihal | D103: ='Total Notebooks (Final)'!F103+'Total Notebooks (Final)'!K103+'Total Notebooks (Final)'!P103+'Total Notebooks (Final)'!U103 -> 253 | E103: ='Total Notebooks (Final)'!G103+'Total Notebooks (Final)'!L103+'Total Notebooks (Final)'!Q103+'Total Notebooks (Final)'!V103 -> 253 | F103: ='Total Notebooks (Final)'!H103+'Total Notebooks (Final)'!M103+'Total Notebooks (Final)'!R103+'Total Notebooks (Final)'!W103 -> 253
A104: 102 | B104: Hubballi | C104: KHPS Kelageri | D104: ='Total Notebooks (Final)'!F104+'Total Notebooks (Final)'!K104+'Total Notebooks (Final)'!P104+'Total Notebooks (Final)'!U104 -> 77 | E104: ='Total Notebooks (Final)'!G104+'Total Notebooks (Final)'!L104+'Total Notebooks (Final)'!Q104+'Total Notebooks (Final)'!V104 -> 77 | F104: ='Total Notebooks (Final)'!H104+'Total Notebooks (Final)'!M104+'Total Notebooks (Final)'!R104+'Total Notebooks (Final)'!W104 -> 77
A105: 103 | B105: Hubballi | C105: Khps Tarihal | D105: ='Total Notebooks (Final)'!F105+'Total Notebooks (Final)'!K105+'Total Notebooks (Final)'!P105+'Total Notebooks (Final)'!U105 -> 0 | E105: ='Total Notebooks (Final)'!G105+'Total Notebooks (Final)'!L105+'Total Notebooks (Final)'!Q105+'Total Notebooks (Final)'!V105 -> 0 | F105: ='Total Notebooks (Final)'!H105+'Total Notebooks (Final)'!M105+'Total Notebooks (Final)'!R105+'Total Notebooks (Final)'!W105 -> 0
C107: Requirment | D107: =SUM(D8,D11,D12,D16,D19,D20,D23,D25,D28,D30,D34,D35,D36,D37,D38,D39,D40,D41:D47) -> 1478 | E107: =SUM(E8,E11,E12,E16,E19,E20,E23,E25,E28,E30,E34,E35,E36,E37,E38,E39,E40,E41:E47) -> 1478 | F107: =SUM(F8,F11,F12,F16,F19,F20,F23,F25,F28,F30,F34,F35,F36,F37,F38,F39,F40,F41:F47) -> 1478 | G107: =SUM(G8,G11,G12,G16,G19,G20,G23,G25,G28,G30,G34,G35,G36,G37,G38,G39,G40,G41:G47) -> 1478 | H107: =SUM(H8,H11,H12,H16,H19,H20,H23,H25,H28,H30,H34,H35,H36,H37,H38,H39,H40,H41:H47) -> 15744 | I107: =SUM(I8,I11,I12,I16,I19,I20,I23,I25,I28,I30,I34,I35,I36,I37,I38,I39,I40,I41:I47) -> 1800 | J107: =SUM(J3:J47) -> 52312
C108: Stock | D108: 2474 | E108: 4214 | F108: 2172 | G108: 3313 | H108: 5923 | I108: 2789
C109: Short | D109: =D108-D107 -> 996 | E109: =E108-E107 -> 2736 | F109: =F108-F107 -> 694 | G109: =G108-G107 -> 1835 | H109: =H108-H107 -> -9821 | I109: =I108-I107 -> 989
D112: 80 Pg | E112: 2Line | F112: 4Line | G112: SQ | H112: 160pg 1line | I112: Long
C114: Hubbali | D114: 1649 | E114: 1100 | F114: 2290 | G114: 1100 | H114: 8822 | I114: 1008
C115: Hubbali | D115: 262 | E115: 171 | F115: 365 | G115: 171 | H115: 2094 | I115: 400
C116: Koppal | D116: 182 | E116: 126 | F116: 226 | G116: 126 | H116: 1286 | I116: 372
F117: 356
C118: Total | D118: =SUM(D114:D116) -> 2093 | E118: =SUM(E114:E116) -> 1397 | F118: =SUM(F114:F117) -> 3237 | G118: =SUM(G114:G116) -> 1397 | H118: =SUM(H114:H116) -> 12202 | I118: =SUM(I114:I116) -> 1780
C119: Stock | D119: 1315 | E119: 3330 | F119: 159 | G119: 2385 | I119: 2025
C120: Required | D120: =D118-D119 -> 778 | E120: =E118-E119 -> -1933 | F120: =F118-F119 -> 3078 | G120: =G118-G119 -> -988 | H120: =H118-H119 -> 12202 | I120: =I118-I119 -> -245 | J120: =SUM(D120:I120) -> 12892
D121: =D120*12 -> 9336 | F121: =F120*12 -> 36936
C123: Ordered | E123: 5459 | F123: 4866 | G123: 4668 | H123: 20030 | I123: 5040
C124: Delivered | D124: 5090 | E124: 5459 | F124: 4866 | G124: 4668 | H124: 20864 | I124: 5040 | J124: =SUM(D124:I124) -> 45987
C125: Stock | D125: 1315 | E125: 3330 | F125: 159 | G125: 2385 | I125: 2025 | J125: =SUM(D125:I125) -> 9214
C126: Distributed | D126: 2938 | E126: 1896 | F126: 4198 | G126: 1896 | H126: 20892 | I126: 3656 | J126: =SUM(D126:I126) -> 35476
C127: Total Received Confirmed | D127: =SUM(D125:D126) -> 4253 | E127: =SUM(E125:E126) -> 5226 | F127: =SUM(F125:F126) -> 4357 | G127: =SUM(G125:G126) -> 4281 | H127: =SUM(H125:H126) -> 20892 | I127: =SUM(I125:I126) -> 5681
C128: Difference | D128: =D124-D127 -> 837 | E128: =E124-E127 -> 233 | F128: =F124-F127 -> 509 | G128: =G124-G127 -> 387 | H128: =H124-H127 -> -28 | I128: =I124-I127 -> -641
C130: Total | D130: 2093 | E130: 1397 | F130: 3237 | G130: 1397 | H130: 12202 | I130: 1780
B131: Distribution Revised - 8th Aug | D131: 2724 | E131: 1760 | F131: 3926 | G131: 1760 | H131: 18000 | I131: 2904 | J131: =SUM(D131:I131) -> 31074
C132: Stock | D132: 1315 | E132: 3330 | F132: 159 | G132: 2385 | I132: 2025 | J132: =SUM(D132:I132) -> 9214
C133: Required

Sheet Notebook Distributed
A1: S.no | B1: Place | C1: School | D1: Sent/Not Yet | E1: Distribution | F1: Team / Individual Joined | G1: Photo Posted on group
A2: 1 | B2: Belagavi | C2: KHPS Gudaganahatti RC | D2: Sent | E2: Completed | F2: HR
A3: 2 | B3: Belagavi | C3: KHPGS Yamakanamaradi | D3: Sent | E3: Completed | F3: Kuldeep &customers | G3: Yes
A4: 3 | B4: Belagavi | C4: KHPBS Yamakanamaradi | D4: Sent | E4: Completed | G4: Yes
A5: 4 | B5: Belagavi | C5: UEMPS(English Medium) Yamakanamaradi | D5: Sent | E5: Completed | G5: Yes
A6: 5 | B6: Belagavi | C6: UHPS Yamakanamaradi | D6: Sent | E6: Completed | G6: Yes
A7: 6 | B7: Belagavi | C7: KHPS Hattaragi | D7: Sent | E7: Completed | F7: Mai mam | G7: Yes
A8: 7 | B8: Belagavi | C8: KHPS Anandpur | D8: Sent | E8: Completed | F8: Pavan sir & Customer | G8: Yes
A9: 8 | B9: Belagavi | C9: KHPS Hunnur Masthiholi | D9: Sent | E9: Completed | G9: Yes
A10: 9 | B10: Belagavi | C10: KHPS Managutti | D10: Sent | E10: Completed | G10: Yes
A11: 10 | B11: Belagavi | C11: MHPS Managutti | D11: Sent | E11: Completed | G11: Yes
A12: 11 | B12: Belagavi | C12: GHS Hunnur Masthiholi | D12: Sent | E12: Completed | G12: Yes
A13: 12 | B13: Belagavi | C13: GHS Naganur KM | D13: Sent | E13: Completed | F13: Finance | G13: Yes
A14: 13 | B14: Belagavi | C14: GHS Attihal | D14: Sent | E14: Completed | G14: Yes
A15: 14 | B15: Belagavi | C15: KLPS Halegudaganatti | D15: Sent | E15: Completed | G15: Yes
A16: 15 | B16: Belagavi | C16: KLPS Dadbanahatti
A17: 16 | B17: Hubballi | C17: KHPS Itigatti Hubballi | D17: Sent | E17: Completed | G17: Yes
A18: 17 | B18: Belagavi | C18: KHPS Benkanhalli | D18: Sent | E18: Completed
A19: 18 | B19: Belagavi | C19: KHPS Attihal
A20: 19 | B20: Belagavi | C20: KHPS Majati | D20: Sent | E20: Completed | G20: Yes
A21: 20 | B21: Belagavi | C21: GHS Nerli
A22: 21 | B22: Belagavi | C22: GHS Kochari | D22: Sent | E22: Completed | F22: Mallikarjun Patil & Team | G22: Yes
A23: 22 | B23: Belagavi | C23: KHPS Aldal
A24: 23 | B24: Belagavi | C24: KHPBS Ullagadi Khanapur | D24: Sent | E24: Completed | G24: Yes
A25: 24 | B25: Belagavi | C25: KHPGS Ullagadi Khanapur | D25: Sent | E25: Completed | G25: Yes
A26: 25 | B26: Belagavi | C26: KHPS Naganur | D26: Sent | E26: Completed | G26: Yes
A27: 26 | B27: Belagavi | C27: KHPS Gudaganahatti Daddi | D27: Sent | E27: Completed | G27: Yes
A28: 27 | B28: Belagavi | C28: MHPS Daddi | D28: Sent | E28: Completed | G28: Yes
A29: 28 | B29: Belagavi | C29: KHPS Indiranagar | D29: Sent | E29: Completed | F29: Amol mane & Customer | G29: Yes
A30: 29 | B30: Belagavi | C30: KHPS Daddi | D30: Sent | E30: Completed | F30: IT | G30: Yes
A31: 30 | B31: Hubballi | C31: GHPS Managundi
A32: 31 | B32: Hubballi | C32: GHS Managundi
A33: 32 | B33: Hubballi | C33: GHPS Yarikoppa | D33: Sent | E33: Completed | G33: Yes
A34: 33 | B34: Hubballi | C34: GHS Yarikoppa | D34: Sent | E34: Completed | G34: Yes
A35: 34 | B35: Hubballi | C35: KHPS Hosur | D35: Sent | E35: Completed | G35: Yes
A36: 35 | B36: Belagavi | C36: Hebbal Boys School | D36: Sent | E36: Completed | G36: Yes
A37: 36 | B37: Belagavi | C37: Hebbal Girls School | D37: Sent | E37: Completed | F37: Dinesh sir & Team | G37: Yes
A38: 37 | B38: Belagavi | C38: KHPS Bidrewadi
A39: 38 | B39: Belagavi | C39: KHPS Vaarimastiholli | D39: Sent | E39: Completed | F39: Ramakant Patil & Customer | G39: Yes
A40: 39 | B40: Belagavi | C40: UHPS Ullagadikhanapur | D40: Sent | E40: Completed | G40: Yes
A41: 40 | B41: Hubballi | C41: GHS Hosur | D41: Sent | E41: Completed | G41: Yes
A42: 41 | B42: Hubballi | C42: GHS Itigatti Hubballi | D42: Sent | E42: Completed | G42: Yes
A43: 42 | B43: Belagavi | C43: KHPS Chikkaldinni | D43: Sent | E43: Completed | G43: Yes
A44: 43 | B44: Belagavi | C44: khps Suttagatti | D44: Sent | E44: Completed | G44: Yes
A45: 44 | B45: Belagavi | C45: KHPS Bolashyantti | D45: Sent | E45: Completed | G45: Yes
A46: 45 | B46: Belagavi | C46: KHPS Katabali | D46: Sent | E46: Completed | G46: Yes
A47: 46 | B47: Belagavi | C47: KHPS Malatti | D47: Sent | E47: Completed | G47: Yes
A48: 47 | B48: Belagavi | C48: KHPS Hanchinal | D48: Sent | E48: Completed | G48: Yes
A49: 48 | B49: Belagavi | C49: GHS Arjunwad | D49: Sent | E49: Completed | G49: Yes
A50: 49 | B50: Belagavi | C50: KHPS Kurniwadi | D50: Sent | E50: Completed | G50: Yes
A51: 50 | B51: Belagavi | C51: KHPS Yaranal ( not mentioned)
A52: 51 | B52: Belagavi | C52: KHPS Jinaral | D52: Sent | E52: Completed | G52: Yes
A53: 52 | B53: Hubballi | C53: GHPS Nigadi | D53: Sent | E53: Completed
A54: 53 | B54: Hubballi | C54: GHPS Gamanagatti
A55: 54 | B55: Hubballi | C55: MPS Dummawad
A56: 55 | B56: Hubballi | C56: KGS Dummawad
A57: 56 | B57: Belagavi | C57: KHPS Hosaiddalhonda | D57: Sent | E57: Completed | G57: Yes
A58: 57 | B58: Belagavi | C58: KHPS Rajakatti | D58: Sent | E58: Completed | G58: Yes
A59: 58 | B59: Hubballi | C59: GHPS Gamyapura
A60: 59 | B60: Hubballi | C60: KHPS Navanagar
A61: 60 | B61: Belagavi | C61: KHPS Bhutramatti | D61: Sent | E61: Completed | G61: Yes
A62: 61 | B62: Belagavi | C62: KGS Kochari | D62: Sent | E62: Completed | G62: Yes
A63: 62 | B63: Belagavi | C63: KBS Kochari | D63: Sent | E63: Completed | G63: Yes
A64: 63 | B64: Belagavi | C64: KHPS Chikkalgud | D64: Sent | E64: Completed | G64: Yes
A65: 64 | B65: Belagavi | C65: KHPS Hosa Vantmuri | D65: Sent | E65: Completed | G65: Yes
A66: 65 | B66: Belagavi | C66: LPS Hossur | D66: Sent | E66: Completed | G66: Yes
A67: 66 | B67: Belagavi | C67: KHPS Chikkalguda | D67: Sent | E67: Completed
A68: 67 | B68: Belagavi | C68: GHS Ammanagi | D68: Sent | E68: Completed | G68: Yes
A69: 68 | B69: Belagavi | C69: KHPS Arjunwad | D69: Sent | E69: Completed | G69: Yes
A70: 69 | B70: Belagavi | C70: KHPS Konnannkeri | D70: Sent | E70: Completed | G70: Yes
A71: 70 | B71: Belagavi | C71: KHPS Shahabandar | D71: Sent | E71: Completed | G71: Yes
A72: 71 | B72: Belagavi | C72: Khps Gotur | D72: Sent | E72: Completed | F72: Api & IT | G72: Yes
A73: 72 | B73: Belagavi | C73: Khps Kamatanur | D73: Sent | E73: Completed | G73: Yes
A74: 73 | B74: Belagavi | C74: Khpbs Nidasossi | D74: Sent | E74: Completed | F74: Api team | G74: Yes
A75: 74 | B75: Belagavi | C75: Khpgs Nidasossi | D75: Sent | E75: Completed | F75: Api team | G75: Yes
A76: 75 | B76: Belagavi | C76: Khps Badkundri (not mentioned)
A77: 76 | B77: Belagavi | C77: KHPS Gajapati | D77: Sent | E77: Completed | G77: Yes
A78: 77 | B78: Belagavi | C78: GKLPS Halemastiholi | D78: Sent | E78: Completed
A79: 78 | B79: Hubballi | C79: KHPS Benakanhatti
A80: 79 | B80: Hubballi | C80: KHPS Gokul | D80: Sent | E80: Completed | G80: Yes
A81: 80 | B81: Belagavi | C81: KHPGS Gavanal | D81: Sent | E81: Completed | G81: Yes
A82: 81 | B82: Belagavi | C82: KHPS Hirasugar | D82: Sent | E82: Completed | G82: Yes
A83: 82 | B83: Belagavi | C83: KHPBS Kurani | D83: Sent | E83: Completed | G83: Yes
A84: 83 | B84: Belagavi | C84: KHPGS Kurani | D84: Sent | E84: Completed | G84: Yes
A85: 84 | B85: Belagavi | C85: KHPS Beeranaholi | D85: Sent | E85: Completed
A86: 85 | B86: Belagavi | C86: KHPS Islampur | D86: Sent | E86: Completed
A87: 86 | B87: Belagavi | C87: KHPS Guttaguddi | D87: Sent | E87: Completed | G87: Yes
A88: 87 | B88: Belagavi | C88: KHPS Haragapur | D88: Sent | E88: Completed | G88: Yes
A89: 88 | B89: Belagavi | C89: KHPS Solapur | D89: Sent
A90: 89 | B90: Belagavi | C90: Ghs Solapur | D90: Sent
A91: 90 | B91: Belagavi | C91: MHPS Solapur | D91: Sent
A92: 91 | B92: Belagavi | C92: KHPBS Nerli | D92: Sent | E92: Completed
A93: 92 | B93: Belagavi | C93: KHPGS Nerli | D93: Sent | E93: Completed | G93: Yes
A94: 93 | B94: Belagavi | C94: UHPS Nerli | D94: Sent | E94: Completed | G94: Yes
A95: 94 | B95: Belagavi | C95: KHPS Kanavi Honnapur | D95: Sent | E95: Completed | G95: Yes
A96: 95 | B96: Belagavi | C96: Khps Yellimunnolli
A97: 96 | B97: Belagavi | C97: KHPS Bastwad | D97: Sent | E97: Completed | G97: Yes
A98: 97 | B98: Belagavi | C98: KHPS Kahvanewadi
A99: 98 | B99: Belagavi | C99: GHS Ullagadi Khanapur | D99: Sent | E99: Completed | F99: INFRA, AL2, Projects | G99: Yes
A100: 99 | B100: Hubballi | C100: KHPS TWC Dharwad | D100: Sent | E100: Completed | G100: Yes
...

Sheet Team for Distribution
A1: Sl No | B1: Team Name | C1: School | D1: Status
A2: 1 | B2: Admin - 2 | D2: Completed
A3: 2 | B3: IS & BI Team
A4: 3 | B4: HR Team - 2
A5: 4 | B5: Projects
A6: 5 | B6: ME
A7: 6 | B7: IT
A8: 7 | B8: Finance - 2
A9: 8 | B9: Pag
A10: 9 | B10: Infra
A11: 10 | B11: API - 3
A12: 11 | B12: Aeppl
A13: 12 | B13: Aai
A14: 13 | B14: Squad
... A19: 18 | B19: Peurosil

Sheet Gantt chart
F1: Tuesday | G1: Wednesday | H1: Thursday | I1: Friday | J1: Saturday | K1: Sunday | L1: Monday | M1: Tuesday | N1: Wednesday | O1: Thursday | P1: Friday | Q1: Saturday | R1: Sunday | S1: Monday | T1: Tuesday | U1: Wednesday
A2: Sl.No | B2: Location | C2: NAME OF THE SCHOOL | F2: 45818 | G2: 45819 | H2: 45820 | I2: 45821 | J2: 45822 | K2: 45823 | L2: 45824 | M2: 45825 | N2: 45826 | O2: 45827 | P2: 45828 | Q2: 45829 | R2: 45830 | S2: 45831 | T2: 45832 | U2: 45833
A3: 1 | B3: Belgaum | C3: KHPS Gudaganahatti RC | D3: A
A4: 2 | B4: Belgaum | C4: KHPGS Yamakanamaradi | D4: A
A5: 3 | B5: Belgaum | C5: KHPBS Yamakanamaradi | D5: A
A6: 4 | B6: Belgaum | C6: UEMPS(English Medium) Yamakanamaradi | D6: A
A7: 5 | B7: Belgaum | C7: UHPS Yamakanamaradi | D7: B
A8: 6 | B8: Belgaum | C8: KHPS Hattaragi | D8: A
A9: 7 | B9: Belgaum | C9: KHPS Anandpur | D9: A
A10: 8 | B10: Belgaum | C10: KHPS Hunnur Masthiholi | D10: A
A11: 9 | B11: Belgaum | C11: KHPS Managutti | D11: A
A12: 10 | B12: Belgaum | C12: MHPS Managutti | D12: A
A13: 11 | B13: Belgaum | C13: GHS Hunnur Masthiholi | D13: A
A14: 12 | B14: Belgaum | C14: GHS Naganur KM | D14: A
... A17: 16 | B17: Belgaum | C17: KLPS Dadbanahatti | D17: A
A18: 17 | B18: Hubballi | C18: GHPS Itigatti Hubballi
A19: 18 | B19: Belgaum | C19: KHPS Benkanhalli | D19: B
A20: 19 | B20: Belgaum | C20: GKHPS Attihal | D20: B
A21: 20 | B21: Belgaum | C21: KHPS Majati | D21: B
A22: 21 | B22: Belgaum | C22: GHS Nerli | D22: B
A23: 22 | B23: Belgaum | C23: GHS Kochari | D23: B
A24: 23 | B24: Belgaum | C24: KHPS Aldal | D24: B
A25: 24 | B25: Belgaum | C25: KHPBS Ullagadi Khanapur | D25: B
A26: 25 | B26: Belgaum | C26: KHPGS Ullagadi Khanapur | D26: B
A27: 26 | B27: Belgaum | C27: KHPS Nagnur | D27: A
A28: 28 | B28: Belgaum | C28: KHPS Gudaganahatti Daddi | D28: A
A29: 29 | B29: Belgaum | C29: MHPS Daddi | D29: B
A30: 30 | B30: Belgaum | C30: KHPS Indiranagar | D30: A
A31: 31 | B31: Belgaum | C31: KHPS Daddi | D31: A
A32: 32 | B32: Hubballi | C32: GHPS Managundi
A33: 33 | B33: Hubballi | C33: GHS Managundi
A34: 34 | B34: Hubballi | C34: GHPS Yarikoppa
A35: 35 | B35: Hubballi | C35: MPS Tarihal
A36: 36 | B36: Hubballi | C36: MPS Navallur
A37: 37 | B37: Hubballi | C37: KHPS Hosur
A38: 38 | B38: Koppal | C38: GHS Banapur
A39: 39 | B39: Koppal | C39: GHPS Banapur
A40: 40 | B40: Belgaum | C40: Hebbal Boys School | D40: B
A41: 41 | B41: Belgaum | C41: Hebbal Girls School | D41: B
A42: 42 | B42: Belgaum | C42: KHPS Bidrewadi | D42: A
A43: 43 | B43: Belgaum | C43: KHPS Vaarimastiholli | D43: A
A44: 44 | B44: Belgaum | C44: UHPS Ullagadikhanapur | D44: B
A45: 45 | B45: Hubballi | C45: GHS Hosur
A46: 46 | B46: Hubballi | C46: KHPS Itigatti Hubballi
A49: 49 | B49: Belgaum | C49: KHPS Islampur
A50: 50 | B50: Belgaum | C50: khps Suttagatti
A51: 51 | B51: Belgaum | C51: KHPS Bamabarga
A52: 52 | B52: Belgaum | C52: KHPS Bhutramatti
A53: 53 | B53: Belgaum | C53: KHPS Bastawadi
A54: 54 | B54: Belgaum | C54: KHPS Bolashyantti
A55: 55 | B55: Belgaum | C55: KHPS Katabali
A56: 56 | B56: Belgaum | C56: KHPS Malatti
A57: 57 | B57: Belgaum | C57: KHPS Managaon
A58: 58 | B58: Belgaum | C58: KHPS Arjunwad
... A74: 74 | B74: Hubballi | C74: GHPS Jodali
